Row_ID,Hierarchical_cluster,KMeans_cluster,Component_1,Component_2,y,housing,loan
54,2,3,0.0759244215953889,-0.059562853055400475,no,yes,no
68,2,3,-0.5038736133808914,-0.26524218645397674,no,yes,no
72,1,3,0.6999526388786004,-0.1946670188082963,no,yes,yes
73,1,3,0.8674822032763598,-0.2399573860374083,no,yes,yes
100,1,3,0.4406582100822075,-0.22260442460633234,no,yes,no
134,1,3,0.06538334544269349,-0.29063318794837123,no,yes,yes
142,1,3,-0.04970232484684622,-0.16129763625907834,no,yes,no
175,1,3,-0.23044382363650975,-0.30169154690253747,no,yes,no
195,1,3,0.91562901688862,-0.1459430510173839,no,yes,no
198,1,3,-0.5520100451713479,-0.30261293144590085,no,no,yes
208,1,3,0.4415654380518223,-0.17787596673665773,no,yes,no
218,2,3,-0.3037557893463365,-0.3278152044767389,no,no,no
238,1,3,0.23068495429276217,-0.27809810155689746,no,yes,no
241,1,3,0.8158925739161506,-0.2325465009640498,no,yes,yes
243,1,3,0.7288163624940333,-0.21373545271721328,no,no,no
292,2,3,-0.7115150642295851,-0.16847455914132262,no,yes,no
316,1,3,0.7311877804049378,-0.23528375970539284,no,yes,no
322,1,3,0.027850585272879706,-0.2915353718750535,no,yes,no
333,1,3,0.3078029641326764,-0.2656099251779532,no,yes,no
350,1,3,0.44376139612657767,-0.3403670368393256,no,yes,no
357,1,3,0.29799517077515364,-0.30022161770495437,no,yes,no
373,2,3,0.891454220809317,-0.007827706236894645,no,no,no
377,1,3,0.09806768152649575,-0.25342434050307877,no,no,no
405,1,3,-0.049324691231202936,-0.35288459911270686,no,no,no
443,1,3,0.9299423070392657,-0.22203281801745245,no,yes,no
446,1,3,-0.2162473229015002,-0.28796038358985443,no,yes,no
474,1,3,0.9045761559105221,-0.21033347188530316,no,yes,no
538,1,3,0.23297783540819783,-0.31320228135376826,no,yes,no
543,1,3,0.12739385343721865,-0.3082225528663748,no,yes,no
547,1,3,-0.9120008651239729,-0.3944561824138587,no,yes,no
614,4,3,0.8424560824750559,-0.09498708169405166,no,yes,no
625,2,3,0.829676269930834,-0.028721714146197393,yes,yes,no
647,2,3,0.839690763153891,-0.15497870827078203,no,yes,yes
649,2,3,0.45946456415830395,-0.17865725097371138,no,yes,no
699,1,3,-0.6566783490030208,-0.30882970157256723,no,yes,no
723,1,3,0.23362885876013806,-0.3965036966116851,no,yes,no
775,1,3,-0.23746164514888843,-0.4286744475323921,no,yes,no
792,2,3,0.22203169037466813,-0.18111590570122796,no,yes,no
798,2,3,0.5124332283626191,-0.47685594613513316,no,yes,no
805,1,3,0.7382246506592226,-0.184830699074892,no,no,no
831,2,3,-0.4692666821290697,-0.2165038493930562,no,yes,no
879,1,3,0.8451697017752221,-0.23111190149051,no,yes,no
899,1,3,0.729428731752992,-0.3375142277715965,no,yes,no
945,1,3,0.7211883004256593,-0.29726787840345664,no,yes,no
967,1,3,0.6924687787242693,-0.3591585848149645,no,yes,no
971,1,3,-0.03243396152009914,-0.2991712458811911,no,yes,no
992,1,3,0.46648779177568267,-0.2657135024253452,no,yes,no
1006,1,3,0.07618926233112139,-0.2536960155446094,no,yes,no
1023,1,3,-0.18718518515604032,-0.22926549310095154,no,yes,no
1025,1,3,-0.4174319871884366,-0.2978853746414002,no,yes,no
1029,1,3,0.2553660189981374,-0.2974980223372871,no,yes,no
1064,1,3,0.9287918240111498,-0.31653161341302094,no,yes,no
1094,1,3,0.28388795841512116,-0.28909352248530656,no,yes,no
1096,1,3,-0.07685661512691817,-0.4802128578547142,no,yes,no
1113,1,3,-0.21908645155805556,-0.25728352121107945,no,yes,no
1125,2,3,0.498095097308567,-0.22491982110318917,yes,yes,yes
1279,1,3,0.22989219100623395,-0.32525117513900254,no,yes,no
1288,1,3,0.7040325218352511,-0.22385160654445327,no,yes,no
1301,1,3,-0.46390928002403325,-0.31146504774344436,no,yes,no
1302,1,3,0.1722376267590169,-0.31836181190874185,no,yes,no
1308,4,3,0.5139553108880672,-0.16431482047142942,no,yes,no
1367,1,3,0.2188440859715612,-0.27102340794370416,no,no,no
1390,1,3,0.333366834980921,-0.4805368210431571,no,yes,no
1431,2,3,0.1816862718801229,-0.21523726794999112,no,yes,yes
1439,4,3,-0.3988961722320715,-0.14398817355076868,no,no,no
1531,1,3,0.05118831021642569,-0.43629140410413536,no,yes,no
1564,2,3,0.6912738627045109,-0.14636061267726783,no,yes,no
1566,1,3,-0.07188147677772193,-0.4138416394577665,no,yes,no
1569,1,3,0.9361360721482447,-0.4549365792123767,no,yes,no
1583,1,3,0.301768222965386,-0.37299486310646424,no,yes,yes
1596,1,3,0.9323973432965269,-0.35425371880529233,no,yes,no
1605,1,3,0.28152386789000594,-0.5016356405395453,no,yes,no
1625,1,3,-0.41861863038876596,-0.3299319758394434,no,yes,no
1680,1,3,-0.05868922577747608,-0.261963582447178,no,yes,yes
1681,2,3,-0.2262121167047129,-0.21495249822485968,no,yes,yes
1781,2,3,0.2511930925853838,-0.26121432840896364,no,yes,no
1798,1,3,0.13236852127808424,-0.3313584530063488,no,yes,no
1801,1,3,0.24938847130878372,-0.33053809493415476,no,yes,no
1819,1,3,-0.37794328467467053,-0.3125137161443919,no,yes,no
1842,1,3,0.10424479769529899,-0.2519699022731449,no,no,no
1871,1,3,-0.4707366042807686,-0.347713988580684,no,yes,no
1872,1,3,0.29015676396031503,-0.23486762281559898,no,yes,no
1877,1,3,0.45424505980132773,-0.25644905983482214,no,yes,no
1919,1,3,0.7261904834084655,-0.3147486085559099,no,yes,yes
1942,1,3,-0.6448760612815585,-0.5357269758928681,no,yes,no
1961,1,3,0.9360313394359946,-0.3110499725732622,no,no,no
1962,1,3,0.2365473681710163,-0.2958088301449924,no,yes,no
1970,1,3,0.2600470762420923,-0.3596828759507446,no,yes,no
1979,1,3,0.916804745170893,-0.3953700170038924,no,yes,no
2008,1,3,-0.022105088334983588,-0.28385908740825755,no,yes,no
2015,1,3,0.12849632213050569,-0.3400760371690438,no,no,no
2031,1,3,0.24830009515946075,-0.4635540486251642,no,yes,no
2070,1,3,0.11902779279545256,-0.4371532040977455,no,yes,no
2079,1,3,0.2399680335041037,-0.28495873878715633,no,yes,no
2123,1,3,-0.005883164821216386,-0.3460104578386877,no,yes,no
2140,1,3,0.32191987550714385,-0.3111014041357169,no,yes,yes
2151,1,3,-0.8771103207716848,-0.4556637170981202,no,yes,no
2167,1,3,0.9555806410025913,-0.24318308470683067,no,yes,no
2199,1,3,0.6239692041128126,-0.36943281892131974,no,no,yes
2202,1,3,0.3192899888845336,-0.19364066077516362,no,yes,yes
2230,1,3,0.04355364103237528,-0.4189302211205278,no,yes,no
2233,1,3,0.9603675886731667,-0.40692967782092276,no,no,no
2243,1,3,-1.007687380619708,-0.5077259468899367,no,yes,no
2262,1,3,0.24571505494342102,-0.7757460902347996,no,no,no
2292,1,3,-1.454331115258878,-0.648720644225481,no,yes,no
2319,1,3,0.7612812356673129,-0.45135233529767455,no,no,no
2339,1,3,0.3246084512329158,-0.3081568922374493,no,yes,no
2351,1,3,0.23958366376848303,-0.35817183197109353,no,yes,no
2385,1,3,-2.388567056044517,-0.4295680137456511,no,yes,no
2416,2,3,0.23924181192384858,-0.24409495818026236,no,yes,no
2420,1,3,0.46934025984063693,-0.27657699987040635,no,yes,yes
2456,4,3,0.9327663343525431,-0.42791853525556633,no,yes,no
2469,1,3,-0.07022604193353163,-0.44112580385173983,no,yes,no
2473,1,3,1.0086533708094227,-0.5293687607566646,no,yes,yes
2475,2,3,-0.6825400528538628,-0.347501967953567,yes,yes,no
2477,1,3,0.8460933769292929,-0.34685556432841197,no,yes,no
2539,1,3,0.24140403336755437,-0.3447329779008037,no,yes,no
2562,2,3,0.4767576983187771,-0.3364932213514183,no,yes,no
2626,1,3,0.357820369504719,-0.9091565709679076,no,yes,no
2628,1,3,0.47122351365763093,-0.4141948971636095,no,yes,no
2645,1,3,0.8823043388116288,-0.553389312647563,no,yes,yes
2648,1,3,-0.13639179092436798,-0.37525531232279097,no,yes,no
2656,1,3,0.15652849347212353,-0.38723171676352725,no,yes,no
2664,4,3,-0.17174353577949122,-0.47070732250611713,no,yes,no
2727,2,3,-0.19823097705960377,-0.2575712446853923,no,yes,no
2868,4,3,0.8789503675866099,-0.28888539777666467,no,yes,no
2884,1,3,0.2547597788365445,-0.44769690575233356,no,yes,yes
2919,1,3,-0.7343977881946526,-0.36039884620747986,no,yes,no
2940,1,3,0.8484774347042068,-0.32566564939594367,no,yes,yes
2941,2,3,0.702029847943943,-0.19598524718573054,no,yes,no
2946,2,3,-0.1073638369754889,-0.4142201422599145,no,yes,no
2975,1,3,-0.09796516892064633,-0.4477289860623707,no,yes,no
3033,1,3,0.7572157954379319,-0.3567915605250922,no,yes,no
3068,1,3,-0.2109876605337946,-0.44028902192086283,no,yes,no
3105,2,3,0.7737631471309191,-0.258052708387247,no,yes,no
3111,1,3,-0.2748782573774678,-0.6236922771257986,no,yes,no
3116,1,3,0.8485796646460786,-0.4199352149403878,no,yes,no
3185,2,3,0.7354710011995099,-0.33213857900178406,no,yes,no
3218,4,3,-0.20709287623718434,-0.36604912620214564,no,yes,yes
3229,2,3,0.6646136019477789,-0.09647413007752687,no,yes,no
3255,1,3,0.7274913320726327,-0.30855667987607194,no,no,yes
3264,4,3,0.7913637283381204,-0.319766023524014,no,yes,no
3383,1,3,0.2761135640232503,-0.392986431264635,no,yes,no
3408,1,3,-0.3295584446423912,-0.5016960140532095,no,yes,no
3431,2,3,-0.3925043339872935,-0.23057201352195447,no,yes,no
3447,1,3,0.5929206647414434,-0.33307463755045835,no,yes,yes
3468,1,3,0.15312934788608948,-0.3714500549222234,no,no,no
3532,1,3,0.2598820542380973,-0.3878451018560259,no,yes,no
3548,1,3,0.9719650700677144,-0.4323462437870408,no,yes,yes
3567,1,3,0.7427102370065685,-0.46181185168214844,no,yes,no
3571,1,3,0.7371411875831771,-0.30600691226503907,no,yes,no
3615,1,3,0.8914682788081684,-0.5197040986912438,no,yes,no
3621,1,3,0.7218618732841319,-0.5255785447077894,no,yes,no
3709,2,3,-0.4443076661638747,-0.25745585073364075,yes,yes,no
3718,1,3,0.7947213335765393,-0.39373083232479567,no,yes,no
3722,1,3,-0.16211214802370694,-0.47148418756209504,no,yes,no
3729,1,3,-0.12548079102783397,-0.4355254811396631,no,no,no
3763,1,3,0.04594749801716986,-0.44281259830916353,no,yes,no
3779,1,3,0.9601919061146815,-0.433184798055858,no,yes,no
3798,1,3,0.7992011201152286,-0.46634558931097747,no,yes,yes
3814,3,4,0.17241230660619705,-1.0791390451067546,no,yes,no
3835,4,3,0.2099938288550373,-0.22592350475150702,no,yes,no
3861,1,3,0.8887257707637187,-0.6186045562781022,no,no,no
3870,2,3,-0.11071159155611536,-0.39443573933639464,no,yes,yes
3881,1,3,0.14872646613699234,-0.41318489088066435,no,yes,no
3886,2,3,0.5214275485809095,-0.3524246528599856,no,yes,no
3900,4,3,0.8127927834700178,-0.31905133226649224,no,yes,no
3902,1,3,0.23848930399988785,-0.4641326807250695,no,no,no
3924,2,3,-0.4438510927620835,-0.366772764739345,no,yes,no
3946,1,3,-1.6848500847497552,-0.5507686824629348,no,no,no
3971,1,3,0.27773523544445244,-0.6749832092771306,no,yes,no
4012,1,3,-1.818487781571285,-0.5506186916960628,no,yes,no
4015,1,3,-0.050932914211358545,-0.5539375747924928,no,yes,no
4036,2,3,0.2939926779946362,-0.4173304521166394,yes,yes,yes
4056,2,3,-0.0010278943626253023,-0.3617411079945084,no,no,no
4064,4,3,0.7223956935970519,-0.5575608964996168,no,yes,no
4079,1,3,0.8725696378209393,-0.5148086425504985,no,yes,no
4083,4,3,-0.011939913192633097,-0.41608784310279784,no,yes,no
4095,1,3,-0.2834619790287772,-0.7686082048919971,no,yes,no
4135,2,3,-0.08784362691500955,-0.37842093717502734,no,yes,no
4163,4,3,-0.19815704481358049,-0.5310480564328709,no,yes,no
4166,4,3,0.9712325463546645,-0.40388671071943744,no,yes,no
4206,1,3,-0.5279744592068366,-0.4811327519181078,no,yes,no
4214,2,3,0.6499396796597887,-0.34272987576504804,no,yes,no
4231,1,3,-0.16239137594266176,-0.5417965129323217,no,yes,no
4236,1,3,0.8825293598796784,-0.4881281417279688,no,yes,no
4251,1,3,-0.4293377518866924,-0.4542028436538629,no,yes,no
4258,1,3,0.500511009723446,-0.4593924024346962,no,yes,no
4259,1,3,1.0224627001964577,-0.5516204953233906,no,yes,no
4296,4,3,0.940295552541808,-0.34821453836611094,no,yes,no
4338,1,3,0.639366155671829,-0.5806891112375576,no,yes,no
4342,1,3,0.09050624635213578,-0.5466193025407402,no,yes,no
4351,3,3,-0.03974275289028591,-0.7942730366588675,no,yes,no
4388,1,3,-0.126606984381351,-0.5159166341277969,no,yes,no
4423,2,3,-0.18981256060103574,-0.32982594916333946,no,yes,no
4432,2,3,0.28627770664238417,-0.36371207901973385,yes,yes,no
4461,4,3,0.1574142327273694,-0.3110837856902698,no,yes,yes
4476,1,3,0.967998148736131,-0.4270302080044121,no,yes,yes
4508,1,3,0.25524486401467034,-0.48274399905774007,no,yes,no
4518,1,3,0.29786812754495895,-0.5258503782192224,no,yes,no
4538,1,3,0.7622377250879906,-0.4706441041767283,no,yes,no
4549,1,3,0.36642725229912326,-0.5946462961952989,no,yes,no
4566,1,3,-0.12256487047942802,-0.4769172756751857,no,yes,yes
4624,1,3,-0.4372667290449325,-0.5490215142939786,no,yes,no
4625,1,3,0.6509735825172208,-0.518266647740986,no,no,no
4649,4,3,0.9627664930174105,-0.4377064151785868,no,yes,no
4706,1,3,0.17190505141917592,-0.8027497163706245,no,yes,no
4718,1,3,0.7910839922226653,-0.5958250223853647,no,no,no
4725,1,3,0.35236062055670875,-0.4975810930111254,no,yes,no
4740,4,3,0.9424519102601405,-0.355177871805641,no,yes,no
4764,1,3,0.9812947836195115,-0.46594108877062634,no,yes,no
4781,1,3,0.3082465792469554,-0.47828692757634145,no,yes,no
4802,1,3,0.09713979456985992,-0.4031878732806958,no,yes,no
4804,1,3,0.7909371096683628,-0.5034363718769617,no,yes,no
4812,1,3,0.792594612630054,-0.45437868978302914,no,yes,no
4832,1,3,-0.41258526595568423,-0.49582378989674825,no,yes,no
4837,1,3,0.08689148050313873,-0.5463174222154004,no,yes,no
4858,1,3,0.9865221202927128,-0.5054730573208976,no,yes,no
4876,1,3,-0.5754691864619671,-0.533206049144825,no,yes,no
4883,1,3,0.6482676255209509,-0.44197294069274456,no,yes,no
4901,1,3,-0.17537231070116296,-0.542494140171473,no,yes,no
4911,1,3,-0.11062463527294869,-0.4621474600088821,no,yes,no
4930,1,3,0.8531940762795817,-0.8827531990390324,no,yes,no
5021,1,3,0.13549620486254824,-0.5468287725468631,no,yes,no
5028,1,3,0.5351057122076747,-0.5732288990722125,no,yes,no
5043,2,3,0.7520889672565941,-0.3307766275289424,no,yes,no
5085,1,3,0.29319010932812345,-0.5473046690812841,no,yes,no
5120,1,3,0.20731727237883493,-0.44722827500598394,no,yes,no
5147,1,3,0.4426246592244971,-0.8373451521595974,no,yes,no
5160,1,3,0.059975572954075775,-0.5246667185080982,no,yes,no
5165,1,3,0.1510031541889827,-0.5249905669501399,no,yes,no
5202,1,3,-0.11646919017926152,-0.45337427320509677,no,yes,no
5210,4,3,-0.12867923329790473,-0.5477891843921696,no,yes,no
5229,1,3,0.15283560076333558,-0.45181393957351823,no,yes,no
5236,2,3,0.8994617221684446,-0.371051532530488,no,yes,no
5265,1,3,-0.3309817898267237,-0.5652177543611312,no,yes,no
5278,1,3,-1.401526684323309,-0.6526032635523142,no,yes,no
5285,4,3,0.09750093972145363,-0.4294119144686262,no,yes,yes
5291,1,3,0.22504160182123292,-0.5054888253757553,no,yes,yes
5294,4,3,-0.15007633632523582,-0.36173549955457124,no,yes,no
5312,2,3,0.3799513633934871,-0.3972757250811561,no,yes,no
5317,1,3,-0.0956322756242779,-0.5363896029402874,no,yes,no
5327,1,3,1.0167806450441836,-0.5319124316865176,no,yes,yes
5333,1,3,-0.10671682733182507,-0.5495537230963277,no,yes,no
5338,1,3,-0.09936544222307948,-0.4650989435029169,no,yes,no
5415,1,3,0.28316011605701213,-0.6099962923871499,no,yes,no
5417,1,3,-2.50254973189547,-0.6452730090057551,no,yes,yes
5440,3,4,0.41982768904411644,-1.4734650490139864,no,yes,yes
5448,2,3,0.3422040294509204,-0.3178512371676141,no,yes,no
5454,1,3,0.5371547654386775,-0.5386979024058317,no,yes,no
5458,3,4,0.36210294443397384,-0.9939216446413548,no,yes,no
5496,1,3,0.35426170080949554,-0.5432534804858646,no,yes,no
5503,1,3,-0.3317467341328037,-0.6618045712580636,no,yes,no
5531,1,3,0.9917147430899169,-0.5842218542243698,no,yes,yes
5539,1,3,-0.10666488990399438,-0.5426225731423612,no,yes,no
5542,4,3,0.48283489114620926,-0.34799317961668474,no,yes,no
5555,1,3,0.2040360301976478,-0.6872439619921403,no,yes,no
5671,1,3,0.9617626836836951,-0.7327078703281171,no,no,no
5687,3,4,1.1772557390983522,-1.4480359423818236,no,yes,no
5690,1,3,-0.11247303137392498,-0.7321553702232045,no,yes,no
5695,4,3,0.9821860854518719,-0.6444024409429046,no,yes,no
5704,1,3,0.2503387705485568,-0.6090766283926498,no,yes,no
5726,4,3,0.11660022046545708,-0.6200519368144414,no,yes,no
5740,1,3,-0.3240215273177103,-0.6604808306612077,no,yes,yes
5753,2,3,0.29873029969426507,-0.4606310595137638,no,yes,yes
5757,1,3,0.02863737334730474,-0.6272656129397265,no,yes,no
5790,1,3,0.9661403034320261,-0.8818498755770948,no,yes,yes
5809,1,3,0.9396520790022329,-0.6390493018188212,no,yes,no
5865,1,3,0.7760143712765634,-0.7104748004387851,no,yes,no
5869,1,3,0.5763155537081086,-0.7724540634077132,no,yes,yes
5877,2,3,0.2983521638240104,-0.5708049613550813,no,yes,no
5885,1,3,0.11190683814151586,-0.7402978262777561,no,yes,no
5893,1,3,0.8247534183736986,-0.7159750075726911,no,yes,no
5906,1,3,0.8307995159181321,-0.6163651841008398,no,yes,no
5920,1,3,0.764133448983474,-0.5929665171940595,no,yes,no
5936,2,3,0.3203184458173678,-0.6022044663843139,no,yes,no
5977,1,3,0.8164069105775734,-0.4984600721115601,yes,yes,yes
6003,1,3,-0.3792650897839385,-0.7399743942754428,no,no,no
6038,1,3,0.37432891678176766,-0.8759583551140547,no,yes,no
6061,2,3,-0.059906567891456264,-0.6507569101174857,no,yes,no
6113,2,3,0.06780744497549425,-0.7276298908043162,yes,yes,no
6119,1,3,0.006042876603958778,-0.8753166917621331,no,yes,no
6166,1,3,0.2957858272467539,-0.5393766505812421,no,no,no
6191,2,3,0.309045680470688,-0.5027150445377877,no,yes,no
6219,1,3,0.24843688736915975,-0.6394187156426109,no,yes,no
6233,2,3,0.6924591516157246,-0.5788706554554675,no,yes,yes
6248,1,3,-0.11630880282047196,-0.718376227133847,no,yes,no
6267,2,3,-0.10740924955771677,-0.5791763292578821,no,yes,no
6270,1,3,-1.3214860962587363,-0.7062497165852678,no,yes,no
6281,1,3,0.5628366549312033,-0.6142811950993964,no,yes,no
6299,1,3,1.0123453731866283,-0.6152059611056694,no,yes,no
6305,1,3,-0.05794176278130584,-0.8589772439791036,no,yes,no
6307,4,3,1.0147764227117522,-0.6576295155054752,no,yes,no
6341,1,3,0.17417773934568598,-0.4789034795836407,no,yes,no
6348,1,3,-0.3812712519455794,-0.6916458554149287,no,yes,yes
6350,1,3,0.24136097150921645,-0.6814380731523152,no,yes,no
6361,1,3,0.9421543933023216,-0.5934496460237507,no,yes,yes
6428,1,3,0.10409918661719066,-0.8039612312594691,no,yes,no
6429,1,3,0.9474831973739156,-0.7564949727296904,no,yes,yes
6448,1,3,1.0217691088266898,-0.593292911817204,no,yes,yes
6451,1,3,0.8264585565006843,-0.6563417251862051,no,yes,no
6480,2,3,0.2737994920495247,-0.6932718209849861,no,yes,yes
6498,1,3,0.3080708775959082,-0.567210583686792,no,yes,no
6500,1,3,0.56888097835033,-0.729050341264896,no,yes,no
6521,2,3,-0.3683599834557013,-0.6713150233973012,no,no,no
6533,2,3,0.5888344863479206,-0.6718084040931475,no,yes,no
6544,4,3,-0.612199790892925,-0.6769372378236863,no,yes,no
6571,1,3,0.5974852560409171,-0.76674880061762,no,yes,yes
6572,1,3,0.8356495772482833,-0.8047830270525569,no,yes,yes
6574,1,3,0.8886324798348282,-1.0845860487365322,no,yes,no
6611,1,3,0.1718877850089151,-0.6621487938752281,no,yes,no
6625,1,3,-0.11987817053301995,-0.7434045169991578,no,yes,no
6634,1,3,-0.03153874513533145,-0.8276541978895858,no,yes,no
6646,1,3,0.9170184006726461,-0.671340962455822,no,yes,yes
6707,4,3,0.5106657276350394,-0.47772911213463093,no,yes,no
6774,2,3,0.996298109586062,-0.4867990659155362,yes,yes,no
6785,1,3,-0.06006706813863468,-0.6944012599427342,no,yes,yes
6791,2,3,-0.09627494876286978,-0.4192168662833105,no,no,no
6796,1,3,0.3046279929053798,-0.704290739874064,no,yes,no
6798,4,3,0.5305803184449519,-0.617064018825894,no,yes,no
6807,1,3,1.016852126822799,-0.650235438726054,no,yes,no
6809,1,3,0.9327233902275184,-0.6704002342198448,no,yes,no
6810,1,3,0.2004192740647673,-0.6814168671309258,no,yes,no
6859,1,3,1.002532256467424,-0.7202059763324501,no,yes,no
6863,1,3,0.5529319204833674,-0.6485002738904425,no,no,no
6871,1,3,0.4111450287936239,-0.9195320030229542,no,no,no
6881,1,3,0.5404183267783215,-0.7511774166800367,no,yes,no
6936,3,4,0.9733362862617424,-1.5356688945234784,no,no,no
6951,1,3,-0.36346943034525453,-0.7428989977734646,no,yes,no
6964,1,3,0.9254803278013016,-0.6112257867832391,no,yes,no
6967,1,3,-0.25709290796789064,-0.823022913141992,no,yes,no
6983,1,3,1.0271648491872893,-0.6246525266197829,no,yes,no
6993,1,3,0.9631390313579775,-0.8691832073653012,no,yes,no
7008,4,3,-0.19950034222040192,-0.6017619993643124,no,no,no
7075,1,3,0.9508537789650393,-0.7801041645360728,no,yes,no
7079,1,3,-0.28079373499765403,-0.7036070045011518,no,yes,no
7105,1,3,1.013358785734547,-0.6535653860122437,no,yes,yes
7109,1,3,-0.5762681739767609,-0.7080881163503184,no,yes,no
7114,1,3,0.9762568923469785,-0.8579633791777613,no,yes,yes
7169,1,3,0.8213910221303159,-0.6190239228025786,no,yes,yes
7208,1,3,0.7840751057092867,-0.6421260014034817,no,yes,no
7218,4,3,0.953885557044647,-0.499801573278489,no,yes,no
7228,1,3,0.6588568557831554,-0.6172459902201711,no,yes,yes
7234,1,3,0.855536913922785,-0.8150623959080638,no,yes,yes
7252,1,3,-0.513719846685728,-0.6852846517618303,no,yes,no
7263,1,3,0.07249487079859064,-0.712786633470457,no,yes,no
7323,4,3,1.0280924477066498,-0.7497703949353517,no,yes,yes
7363,4,3,0.4498524569845507,-0.5522605244279734,no,yes,no
7385,1,3,-0.0328876230894905,-0.8838320428394405,no,yes,no
7396,1,3,0.9146620566049324,-0.7477371473800182,no,yes,no
7427,1,3,0.8169347540433434,-0.6860744304401668,no,yes,no
7464,2,3,0.18000703889007527,-0.6542388959341711,no,yes,no
7466,1,3,0.9433581083087912,-0.7147039372425914,no,yes,yes
7484,1,3,-0.07611606269272359,-0.9083216316112075,no,yes,no
7495,1,3,0.4591028952102843,-0.9743015899538138,no,yes,no
7496,2,3,1.002431398306253,-0.5143880917182075,no,yes,no
7522,4,3,0.9939908331679722,-0.711443670413283,no,yes,no
7540,1,3,0.9770622681939031,-0.7029140849114853,no,yes,no
7543,1,3,-0.025324904031423942,-0.9184426410156235,no,yes,no
7624,1,3,1.0150740604200867,-0.7107262596541466,no,yes,no
7643,1,3,-0.12563272235941245,-0.6240663132883102,no,yes,no
7669,2,3,-0.2751311392759041,-0.5476819999469565,yes,yes,no
7671,1,3,0.8153778895306905,-0.7833153515317621,no,yes,yes
7706,1,3,0.8941549421610663,-0.5967771912417303,no,yes,no
7765,1,3,-0.36965977264193545,-0.667575076821314,no,no,no
7771,1,3,-0.09014778018536071,-0.7113889404184223,no,yes,no
7777,4,3,-0.004232887533222658,-0.6148128120703585,no,yes,no
7801,1,3,0.45997745293976694,-0.9532275175890115,no,yes,no
7808,1,3,0.4132460568319179,-0.7581053794883014,no,yes,no
7818,1,3,-0.40159956208805675,-0.6639504755400866,no,yes,no
7824,1,3,0.6910676870822676,-0.7229689040064096,no,no,no
7874,1,3,0.3417946780201346,-0.8687218163065353,no,no,no
7876,1,3,0.8162005880429138,-0.5974808071999596,no,yes,no
7900,1,3,0.17899933372626778,-0.666857467363565,no,yes,no
7946,4,3,0.9791105963024219,-0.7161551264229222,no,yes,no
7952,4,3,0.9808251187219134,-0.7456640618755466,no,yes,yes
7980,1,3,-0.09294183355632837,-0.4324730344862974,no,yes,no
8025,2,3,-1.0310799044891208,0.0799037726901912,no,yes,no
8035,2,3,-0.3611426096859183,-0.08344921267880825,yes,yes,no
8065,1,3,0.5701484875109791,-0.17659721622420835,no,yes,no
8068,4,3,0.5363159957113252,-0.4329340218148894,no,yes,yes
8069,2,3,0.566187074567308,-0.10243761180248859,no,yes,yes
8099,2,3,-0.1855604412516631,0.02137743009928142,no,yes,no
8104,1,3,-0.16193116482321948,-0.11962721733174415,no,yes,yes
8107,4,2,-0.5326012152063437,-0.22482839741329136,no,yes,no
8108,1,3,0.5622423119984757,-0.2157097286249304,no,yes,no
8120,4,3,-0.5529458217407868,-0.3946493394369481,no,yes,no
8131,1,3,0.33350713507362145,-0.22236613957377518,no,yes,no
8154,1,3,0.38564334288049745,-0.4001115543699845,no,yes,yes
8190,2,3,-0.7781591259650088,-0.13656585878590896,no,yes,yes
8226,1,3,-0.23873356279008254,-0.24351713129187047,no,yes,yes
8233,4,3,-1.1284644265642991,-0.47855503353903345,no,yes,yes
8250,4,3,0.04538950520265357,-0.23378505528948573,no,yes,no
8267,1,3,-0.24643019191703086,-0.27944499127500316,no,yes,no
8361,4,3,0.32688152143168364,-0.02598544352275633,no,yes,yes
8438,1,3,0.5445222608150849,-0.24681134183468698,no,yes,yes
8463,1,3,-0.37214768176964746,-0.3602074577312745,no,yes,no
8492,4,2,-0.5446774510934647,-0.14588906497699802,no,yes,no
8547,2,3,-0.13125508725270862,-0.2215252332719001,no,yes,no
8553,1,3,-0.35052338932923366,-0.23950945779573776,no,yes,no
8557,4,3,-0.3462998108306631,-0.012748043499467093,no,yes,no
8572,4,3,0.40288498449163423,-0.5255723060832383,no,yes,yes
8594,1,3,-0.33716915656488167,-0.30104753554879005,no,no,no
8607,1,3,-1.7639581933674944,-0.22138424812300403,no,yes,no
8682,4,3,-0.08627782483466238,-0.48643525504218804,no,no,no
8703,3,4,-1.3731847048121442,-0.8921195657269183,no,yes,no
8710,2,3,-0.3514967726145914,-0.1184116030463683,no,yes,no
8774,2,3,-0.179172889560564,0.051303872439952956,no,yes,no
8790,1,3,-0.045618125029033806,-0.29091413307905273,no,yes,no
8796,4,2,-0.5241522009180812,-0.14292518426047754,no,yes,no
8804,1,3,0.4934844350131896,-0.3444273331065978,no,yes,no
8847,4,3,0.03907138523592952,-0.22744418143892986,no,yes,no
8857,3,4,0.5538246907587377,-0.739346160685808,no,yes,yes
8886,2,3,0.23357810713508734,-0.09782946592689262,no,yes,no
8948,1,3,-0.2731795126038767,-0.25325470332189703,no,yes,no
8964,4,3,0.04488796778196745,-0.10316324997410009,no,no,no
8989,1,3,-1.137143819412151,-0.3492914336463768,no,no,no
9017,4,3,-0.6439096548747673,-0.20901303506562044,no,no,no
9018,1,3,0.06658218572726245,-0.26234143411120686,no,no,no
9055,1,3,0.3329942900232389,-0.3421736691582955,no,yes,no
9098,1,3,-0.4843319553041507,-0.40675619245311845,no,no,no
9104,1,3,0.5695632536601206,-0.22357890560342245,no,yes,no
9105,2,3,-0.07595076720049827,-0.1455375610557676,yes,yes,no
9108,2,2,-0.5091224507051113,-0.16700297307363357,yes,yes,no
9144,2,3,0.529616401283657,-0.08447482214601205,yes,no,no
9162,1,3,0.5229604079490695,-0.32789717516120703,no,yes,yes
9228,1,3,0.3837265978557658,-0.3054272724613202,no,yes,no
9229,4,3,-0.4420355327871712,-0.34105829470131294,no,no,no
9263,3,3,0.277542731969617,-0.49293309899534493,no,yes,no
9440,1,3,0.5822186676196073,-0.38371671659328516,no,yes,no
9449,4,3,-0.4872361749274661,-0.40549854803503266,no,no,no
9627,2,3,-0.7987810795776809,-0.47299113924091546,no,no,no
9630,2,3,-0.8554367432244072,-0.30573615280365024,no,no,no
9645,1,2,-0.5125075467757934,-0.45574023153875526,no,yes,no
9672,3,3,0.31035881184511543,-0.4896266563677545,yes,yes,no
9710,1,3,-0.14429298155742776,-0.3099411124172623,no,yes,no
9755,1,3,-0.44005913153764614,-0.4932003925242564,no,no,no
9975,4,3,-0.494518262422009,-0.4477697157243188,no,no,no
9980,4,3,0.18660542516211975,-0.28963208270268187,no,no,no
10011,3,4,-0.41221674192637175,-0.8074296225178774,no,yes,yes
10021,2,3,0.5103462179097352,-0.2036615548241118,no,no,no
10074,1,3,-0.10916565921087824,-0.41913029466572904,no,no,no
10075,2,3,-0.46326583061857946,-0.29694615358123094,no,no,no
10083,2,3,0.11325253750901054,-0.25516325007047214,no,no,no
10094,2,3,-0.1493163897955559,-0.22528543524188183,no,no,no
10156,1,3,0.051177246738943444,-0.44316412132602295,no,yes,no
10183,1,3,-0.35181606325567166,-0.8276063480042596,no,no,no
10242,2,3,-0.6871714965464346,-0.22491680501416186,yes,no,no
10263,4,3,0.36376945622402107,-0.37288923441962574,no,no,no
10267,1,3,0.5480574253734134,-0.579701619902716,no,no,no
10269,1,3,-0.27222553592983423,-0.7026647601773144,no,no,no
10289,2,3,0.3408630902779572,-0.24600131031428718,no,no,yes
10302,4,3,0.3171301731014119,-0.2672710745176352,no,yes,no
10303,4,3,0.5333267376178961,-0.24993350557289692,no,no,no
10304,1,3,0.36818407070351605,-0.3538585619226705,no,no,no
10334,4,3,0.3300440936831269,-0.30193427135365897,no,yes,no
10370,1,3,0.3647593605290824,-0.43331879518687977,no,no,no
10406,1,3,-0.2191128873981437,-0.4113193350048361,no,no,no
10435,4,2,-0.5196333469072351,-0.45876806022710426,no,no,no
10477,1,3,-0.7722996406175371,-0.5970939713198905,no,yes,no
10488,1,3,-0.4360745104347202,-0.5796634443012589,no,no,no
10496,4,3,-0.44936639113236954,-0.5439196176753953,no,no,no
10543,2,3,-1.247409304685664,-0.3616539467468954,yes,no,no
10553,4,3,0.6014036206362185,-0.505315546844055,no,no,no
10570,1,3,0.1627005674925725,-0.5497071465947534,no,no,no
10575,1,3,0.42134629713323124,-0.6157776680298778,no,no,no
10579,1,3,-0.020376217390343104,-0.7896223347994222,no,yes,no
10580,2,3,0.22419042433172803,-0.38978315553934734,no,yes,no
10582,4,3,0.5527150141362617,-0.3352523617107088,no,no,no
10598,3,4,0.15716342289089424,-1.2344933375951694,no,yes,no
10602,4,3,-0.44895427023868806,-0.4575598794241957,no,no,no
10605,2,3,-1.0879114458259536,-0.6172814724629064,no,yes,yes
10614,1,3,0.43276061345532346,-0.49842632076745425,no,no,no
10623,1,2,-0.4845939068239483,-0.39296854628853906,no,no,no
10625,1,3,-1.8420858931826216,-0.5400713118553873,no,yes,no
10635,1,3,-0.25084362575162666,-0.5350802107322812,no,no,no
10688,4,3,0.14757599982087427,-0.6045584010736545,no,no,no
10704,1,3,-0.602712797143875,-0.5782598459076143,no,no,no
10743,4,3,0.1670007805869364,-0.6550803284171361,no,no,no
10750,4,3,0.16046341845043297,-0.7444683506410765,no,no,no
10758,1,3,0.6346363038083892,-0.6284007593954228,no,no,no
10766,1,3,-0.23414222400912943,-0.8027723880729324,no,no,no
10768,1,3,0.2707576058138123,-0.5368843136065903,no,no,no
10788,1,3,-0.24279635318987006,-0.43356380113559206,no,no,no
10803,4,3,0.21854187211773887,-0.38604641433021636,no,yes,yes
10808,1,3,0.6239820277438313,-0.4726526180652653,no,no,yes
10846,1,3,-0.4159410363039263,-0.5937558991549508,no,no,no
10862,1,3,-0.7988031387546592,-0.44996214066930634,no,no,no
10870,1,3,0.5030847593617314,-0.5026961996199366,no,no,no
10892,1,3,0.3721279773071886,-0.5020016310584274,no,yes,no
10915,1,3,-1.0240482933788613,-0.5467122489371902,no,no,no
10950,2,3,-0.7857100283630135,-0.5406984900511228,no,no,no
10955,1,3,0.292633549020196,-0.5196464007190581,no,no,no
10956,1,3,-0.04835634508426778,-0.5442329201121874,no,yes,no
10977,2,3,0.602957817231073,-0.3237055425594331,no,yes,no
10982,1,3,0.4272952169369685,-0.500414052567602,no,no,yes
10996,4,3,0.572083098942771,-0.4759091477523333,no,no,no
11048,1,3,-0.9791439068702006,-0.6190422820122724,no,no,no
11070,2,3,0.15241386638117466,-0.4365707515686751,no,yes,no
11080,1,3,0.5328670190483163,-0.6002602308798894,no,no,no
11099,1,3,0.6043697972540755,-0.4561723465710145,no,no,yes
11134,2,3,-0.08746133207451992,-0.33825737137853024,no,yes,yes
11140,1,3,0.6870640176014675,-0.8137244057520046,no,yes,no
11181,1,3,0.514600122087339,-0.5083782470258341,no,no,no
11195,1,3,-0.810389013564213,-0.43094423140790983,no,no,no
11206,1,3,-1.2536750596199457,-0.5513821374513458,no,no,no
11262,1,3,-0.5075019478669611,-0.6551099650747543,no,no,no
11272,1,3,-0.7367072687623161,-0.7342256273828022,no,yes,no
11280,4,3,-0.17604354182824677,-0.43325856662503437,no,no,no
11380,1,3,-0.8857287625845233,-0.7424583066444019,no,yes,no
11402,4,3,-0.1973811836006788,-0.41915015679993073,no,no,no
11412,4,3,0.5460926844644294,-0.3913355814235502,no,no,no
11463,1,3,-0.48878209297020553,-0.5682598683225181,no,no,no
11485,1,3,0.4369657618690674,-0.4639965291393972,no,no,no
11545,2,3,-0.4505108147507861,-0.49165782890956095,no,no,no
11548,4,3,0.4461437484304137,-0.6047108483713467,no,no,no
11549,1,3,-0.18764909987192074,-1.0185187795592239,no,yes,no
11552,1,3,0.5293169889348017,-0.6427687532987361,no,yes,no
11655,1,3,-1.2233297117961435,-0.78122955433456,no,no,no
11691,4,3,-0.19654566930543452,-0.6119327895079104,no,no,no
11696,1,3,-0.38776864367454833,-0.6491562712395293,no,no,no
11752,1,3,-1.0675527999425576,-0.7537076010951669,no,no,yes
11767,1,3,-2.884615538879411,-0.6898210671530739,no,no,no
11855,4,3,0.6348676437407448,-0.6310508354487944,no,yes,no
11860,2,3,0.6364514211973303,-0.4560045929518018,yes,yes,yes
11880,1,3,0.299748175302094,-0.6389575622377104,no,no,yes
11883,1,3,0.6592011801548284,-0.6167338741792322,no,yes,no
11904,3,4,0.7176222722750031,-1.0753010831173422,no,yes,no
11966,1,4,0.7527383050428609,-1.1460806777202568,no,yes,no
11993,4,3,0.1447346649830681,-0.6073997127321393,no,no,no
12001,4,3,-0.15200829539235342,-0.6299445897885303,no,no,no
12012,1,3,0.6321267748700393,-0.5072114644882251,no,yes,yes
12017,3,4,-1.958944154148469,-1.4734597970793428,no,yes,no
12031,1,3,0.49184808722248663,-0.7416052082024419,no,yes,no
12040,3,4,-1.427151004048136,-1.2481264416029731,no,no,no
12063,3,4,-0.34012566426664304,-1.130496111876139,no,no,no
12076,1,3,0.678031687531337,-0.8620831825705819,no,no,no
12128,1,3,-0.23526359235291588,-0.7680943235117669,no,no,no
12139,1,3,0.4411881303303288,-0.8588663191395407,no,yes,no
12219,1,3,-0.6182840376777188,-0.8151407857460307,no,no,no
12239,1,4,0.41106859560585707,-1.1455888768132596,no,no,no
12250,1,3,-1.6780173438891492,-0.5828210732214903,yes,no,no
12254,1,3,0.060333347099403974,-0.7049438886748903,no,yes,no
12255,1,3,-1.6641506360807408,-0.7389230488951373,no,yes,no
12309,1,3,0.03165015779375618,-1.0298922101969865,no,no,no
12395,1,3,-0.14888062010872755,-0.5910976401522979,no,no,no
12399,1,3,-0.035163310519225,-0.7765651071554114,no,no,no
12407,1,3,0.036392017921708625,-0.6772406650412544,no,yes,no
12413,1,3,-0.0979326483374641,-0.9059826344295826,no,yes,no
12464,4,3,0.11617607629325724,-0.2722299916884827,no,no,yes
12472,1,3,0.46235933507953425,-0.18789053434510222,no,yes,yes
12499,4,3,0.012297290199064247,-0.1614682896137852,no,no,yes
12503,1,3,-0.44969976654319593,-0.3281878278630206,no,yes,no
12513,1,3,0.4559078629149225,-0.19429512889140854,no,no,yes
12530,4,3,0.6136669800618472,-0.3038840578371167,no,no,no
12571,1,3,-0.6951839714259328,-0.324199337446129,no,no,no
12601,1,3,-0.3452494351286744,-0.37591338878968433,no,no,no
12605,1,3,0.4785666188881301,-0.263187118849708,no,yes,yes
12627,4,3,0.6366045624645464,-0.24959500996575232,no,no,yes
12677,4,1,1.0639052920949517,-0.07622899900328318,no,yes,yes
12680,4,1,1.065305540592255,0.04260345013677981,no,no,no
12682,4,1,0.20183895913750688,-0.21972588682994137,no,no,no
12709,4,2,0.5843974485674363,-0.23169476318572554,no,yes,no
12721,4,1,0.4576270745055514,-0.15246996795121356,no,yes,no
12766,4,1,1.2553062029868167,-0.3200116190326697,no,no,no
12781,4,3,-0.7910106132570774,-0.2725178294738938,no,no,no
12791,4,2,0.8264316428036168,-0.14481449035644625,no,no,yes
12820,2,1,0.4708995102225631,0.002057049198829756,no,no,yes
12822,2,1,0.5674726572576245,0.07491004813689821,yes,no,yes
12825,2,1,0.1693406443357267,-0.030158003304834306,yes,no,yes
12834,4,2,-0.020940509072636056,-0.07929332695962289,no,no,yes
12838,4,1,0.2176847786488994,-0.42741335487045357,no,no,no
12842,4,2,-0.14413985730475884,-0.15994213764857815,no,no,no
12851,3,4,0.7027157613974901,-0.7482179543686528,no,no,yes
12880,4,1,0.4598410400947823,-0.17995699758127698,no,no,yes
12935,3,4,1.4403826911816742,-1.6897651323225604,no,yes,no
12962,4,1,1.1496596994674766,-0.32076360558094996,no,yes,no
13003,3,4,1.0020154691183707,-0.48678987098970383,no,no,no
13009,4,1,0.488030355230629,-0.08916798419468717,no,no,yes
13054,4,1,0.2835010479616158,-0.24082844528843098,no,no,no
13088,2,1,0.6059749200140209,-0.011571969568663623,no,no,yes
13095,4,1,0.2828755231742362,-0.14188427484346539,no,no,yes
13117,4,1,0.32278477543427264,-0.23369523737356865,no,no,yes
13119,4,1,0.6084359397079052,-0.07096985189216455,no,no,yes
13123,4,1,0.9759026177594526,-0.24657962749058154,no,no,yes
13130,2,2,-0.22770357034377287,-0.022138140569954206,no,no,yes
13149,4,1,1.3147045724133237,-0.19029682484417013,no,no,no
13206,4,1,0.6530540647541812,-0.21205601556488085,no,yes,no
13212,4,1,0.030569850120824953,-0.22673848669282218,no,no,yes
13214,2,2,0.20593866116670026,-0.032933504254626794,no,yes,no
13229,2,1,1.3023109820585768,0.05094202518099403,yes,yes,yes
13233,4,1,-0.45139875175747995,-0.2357675155284148,no,no,no
13247,4,2,0.6994221658163104,-0.22635339300125654,no,no,no
13283,2,1,0.601908974363139,-0.106673995510562,no,no,no
13345,4,1,0.24459223691253573,-0.4174380853503797,no,no,no
13369,4,1,0.2792108768193874,-0.17348292536633728,no,no,no
13404,4,2,0.8253749380908425,-0.163070787887253,no,yes,no
13409,4,2,-0.10968146608256994,-0.19085493557072022,no,yes,no
13410,4,1,0.9605378438481852,-0.13934943509820863,no,yes,no
13437,4,1,0.2194764362550031,-0.31254111798382433,no,yes,no
13474,2,2,-0.32261783972524316,0.02035328930434298,yes,yes,no
13485,4,2,0.8582971966806012,-0.3026919150301354,no,no,no
13487,4,1,1.127027324421006,-0.15509277285699752,no,yes,yes
13512,0,2,-1.3868708707262303,-0.37322028509994953,no,no,yes
13540,4,1,-0.4961548174025846,-0.28382684034245864,no,no,yes
13568,4,1,0.6724974394655694,-0.14485242396668846,no,no,no
13570,4,1,1.2893175668536714,-0.1268488565021058,no,no,no
13575,2,1,0.23681580389272736,-0.1803167388387667,no,yes,no
13675,2,3,-0.10509236268332836,-0.3428634759265078,no,yes,no
13701,4,1,0.6651415216338034,-0.3690400435459526,no,yes,yes
13730,4,1,0.9887111874535389,-0.2633926908289779,no,no,no
13764,4,1,1.0035209693181921,-0.30246944839685325,no,yes,no
13831,4,1,1.1754392045055535,-0.04504420942242005,no,yes,no
13858,4,2,0.537817173079339,-0.14973793817008663,no,yes,no
13868,2,1,1.297278850104554,0.015222738502705373,no,no,no
13869,4,2,0.20029712352343063,-0.14852329322333066,no,yes,no
13882,4,1,1.2893830683514376,-0.0644798953416728,no,no,no
13894,4,1,1.1079337733869,-0.15623422813637736,no,yes,no
13899,2,2,0.15885702527519055,-0.04180622591880903,no,yes,no
13907,1,1,-0.3672800058648047,-0.23408129948396036,no,no,no
13911,2,1,1.3164980861478055,0.00658596889098424,yes,yes,yes
13918,4,1,1.2809408160325872,-0.17273614776647622,no,yes,yes
13936,2,1,0.67849334239217,-0.0641264060214216,no,yes,no
13937,2,1,1.2027956845133638,-0.07447791312217207,yes,no,yes
13962,4,2,0.732269705264559,-0.09882263011493828,no,yes,no
13982,4,1,1.2551813841016481,-0.36520858426241487,no,yes,yes
13985,2,1,0.2788107462861565,-0.28935942303184076,no,no,yes
14008,3,4,0.4402562140304496,-0.8516288850332181,no,no,no
14028,2,2,0.8384452739741459,-0.018758744415580945,no,yes,no
14045,4,1,0.5614844886630463,-0.10738292112031414,no,yes,no
14096,4,1,0.9972264972696026,-0.33109896472390965,no,no,no
14128,4,1,0.2514496152759519,-0.2993695280966721,no,no,no
14168,2,1,0.47995781264581755,-0.07451855581491405,no,yes,no
14176,2,1,0.2083146347814856,-0.09686634135039449,no,no,no
14201,0,2,-1.9214843533780677,-0.3461256138190594,no,yes,yes
14219,4,1,0.39480300367921517,-0.20752490821346078,no,yes,yes
14232,4,1,1.1269121964561253,-0.2572268620335904,no,yes,no
14243,4,1,0.4966233744000194,-0.28932168811983294,no,no,yes
14258,4,1,0.9614859151337256,-0.2752496464059994,no,no,no
14300,4,1,1.3509340977672424,-0.24051866679904943,no,yes,no
14309,4,1,0.6248259410637242,-0.37225491393977495,no,yes,no
14358,4,1,1.3188088686139852,-0.1762470560632419,no,yes,yes
14396,4,1,1.1232645664262237,-0.29643550481372555,no,yes,no
14412,2,1,0.7137270879153731,-0.2142832858564292,no,no,no
14426,4,1,1.2668958955564154,-0.2517007450824894,no,no,no
14432,4,2,-0.055037422040037726,-0.4483064676788787,no,yes,no
14453,4,1,1.3099041613269085,-0.2980884909377718,no,yes,no
14470,2,1,0.6317923782904034,-0.16967188006724168,no,yes,no
14497,4,1,0.4410550485906247,-0.3665152403517649,no,yes,no
14563,2,1,0.48441453024941405,-0.11408523440719667,yes,no,yes
14568,2,1,0.4108900391240939,-0.4853769900918321,no,no,yes
14591,2,1,1.3602986112591016,-0.24288577414374907,no,yes,no
14600,4,1,1.0018993230803916,-0.276870949280968,no,no,no
14634,4,1,0.16905872848686315,-0.41634522941336954,no,yes,no
14685,2,2,-0.11120116749643177,-0.04451853311583493,no,yes,no
14697,4,1,1.2863990255957107,-0.291483017715034,no,yes,no
14710,2,1,0.6523997510053297,-0.4427809417574638,no,yes,no
14728,2,4,0.3452627872403509,-0.694481417129526,no,no,no
14744,2,2,0.6165740362522767,-0.3779662458030365,yes,no,no
14761,2,2,0.2890763116213258,-0.3197695669621644,yes,yes,no
14763,4,1,1.3852464077800581,-0.41455738394705044,no,yes,no
14804,4,1,0.33021415276022514,-0.35293264876079816,no,yes,no
14830,2,1,0.6135963812703327,-0.15780418921421444,yes,yes,no
14839,4,2,0.5694835866037996,-0.3483110836717468,no,yes,no
14894,4,2,0.30018288813340843,-0.4721180619724502,no,no,yes
14904,4,1,1.2750751055280065,-0.4111664080446957,no,no,yes
14906,2,1,1.3177835219670821,-0.07777214388056858,yes,yes,no
14916,3,1,1.0620478749195543,-0.584815783044002,no,no,yes
14922,2,2,0.8435138542674356,-0.2936603786357555,no,no,no
14929,2,1,1.2751507084074225,-0.16549265605125307,yes,no,no
14950,4,1,1.004739113261547,-0.3064800988406976,no,yes,no
14965,2,1,0.7071374989955109,-0.4567597221477759,no,yes,no
15004,4,1,1.2377621021985106,-0.373341568758071,no,no,yes
15005,4,1,0.6513350139076245,-0.3905641328081776,no,yes,no
15048,4,1,0.4786999982115823,-0.26959875274997613,no,no,yes
15050,4,2,0.842362958912392,-0.16874987819896742,no,yes,no
15058,4,1,-0.2490435726313653,-0.3472596790460107,no,no,no
15081,4,1,-0.6945329578131753,-0.3985330989994134,no,yes,yes
15090,4,1,0.35142695925719375,-0.2777127963088045,no,yes,no
15114,4,2,0.879265165999211,-0.27504217207902176,no,yes,yes
15127,4,2,-0.07953389934650432,-0.3486401440499556,no,yes,no
15155,4,1,1.313195548192298,-0.28140385462104545,no,yes,yes
15196,4,1,0.48854991587174923,-0.3653863616864633,no,yes,no
15202,1,3,-0.3468779792078104,-0.6227587820740592,no,yes,no
15238,4,1,1.1660193851457599,-0.48296814976157837,no,no,no
15257,3,1,1.2335946162523705,-0.6886393113902833,no,yes,no
15279,4,2,0.7771167723362556,-0.26269313135205064,no,yes,yes
15386,4,1,0.7275807924135654,-0.384232240263882,no,yes,yes
15394,0,2,-1.759030291459213,-0.320984446915496,no,no,yes
15422,4,1,1.297551022043598,-0.4296020706446313,no,yes,no
15520,2,2,0.7947101399634109,-0.5459024762682269,no,yes,no
15571,4,1,1.0512451303139432,-0.5808502100593241,no,no,yes
15590,4,1,0.49494128920832536,-0.36473262038771487,no,no,yes
15602,4,1,0.7601752122693244,-0.5032018622840823,no,yes,no
15643,2,1,0.6248074599800701,-0.27576460143626935,no,yes,no
15650,3,4,-0.42504577517043585,-0.9477519107665283,no,no,no
15663,4,1,1.3548120907249723,-0.4236677472874534,no,yes,no
15755,2,3,-0.3622468631736057,-0.5453853589882954,no,yes,yes
15778,0,2,-1.989122444713342,-0.5036890134886203,no,yes,yes
15947,4,2,0.9203075641039374,-0.38711359366780074,no,yes,no
15994,2,2,0.896211677858175,-0.28558494519378447,no,yes,no
16014,4,2,0.8520139352813987,-0.441124998100812,no,yes,no
16023,4,1,1.3520712208929522,-0.5187524144572938,no,no,yes
16036,4,1,0.655412920639425,-0.4224090790700314,no,no,yes
16039,4,2,0.8169028602174038,-0.47331071017988074,no,no,no
16094,2,1,0.7417786595046238,-0.6277411919418858,no,yes,no
16115,4,2,0.3228003575931935,-0.6579098354515962,no,no,no
16125,2,1,1.3124649951428773,-0.23690923422609808,no,yes,yes
16158,3,1,0.17290085853989587,-0.8188565484971193,no,no,no
16195,4,1,1.154076825524024,-0.5462111458622305,no,yes,no
16214,3,4,1.1703993189623936,-1.0839052654352133,no,yes,yes
16258,4,1,1.2824426886849178,-0.45134678040339,no,no,yes
16289,4,2,-0.3571014750621134,-0.3996471031783591,no,no,no
16297,4,1,0.6320232626884565,-0.4165636687997845,no,no,no
16334,4,1,1.3022106074443622,-0.49086789002565195,no,no,no
16335,1,2,-0.4011621542885478,-0.7999890326104688,no,no,no
16379,4,2,0.5371521808292684,-0.33745253439368045,no,no,no
16386,4,1,1.31659218040287,-0.4087293077267576,no,yes,no
16393,2,1,0.2078347728238591,-0.5418201325075727,no,no,no
16434,4,1,0.5554190421976761,-0.44495049073747905,no,no,yes
16443,4,1,1.2862525278932468,-0.4670974617494095,no,yes,yes
16444,4,1,1.3827228131160914,-0.4337387434321666,no,no,no
16448,4,1,0.29292457760407875,-0.6458885946870628,no,yes,no
16458,4,2,-1.1401313748841932,-0.5073234137842345,no,yes,no
16486,4,1,0.42639292304278437,-0.6355291013123114,no,no,yes
16487,4,1,0.20177784180409974,-0.6074878801078886,no,no,no
16554,3,4,1.5783401125452177,-1.5452103346193793,no,yes,no
16647,4,1,0.08205859743136017,-0.6024224283493438,no,no,no
16674,2,1,-0.36195118711779334,-0.32967280883610184,yes,no,yes
16677,2,1,1.3149613706596244,-0.24410203837459013,no,no,yes
16678,4,1,0.33752818624863423,-0.7333024822686675,no,no,no
16715,4,1,1.1942776890044045,-0.49193936205040606,no,yes,no
16721,2,2,0.6466508318719223,-0.40932340466747896,no,yes,no
16725,2,1,0.3568951279271967,-0.16910138351315443,yes,yes,no
16727,3,4,0.10599730474449934,-1.1876832027160364,no,no,no
16732,4,3,-0.6995885687883022,-0.6771193858731762,no,yes,no
16755,4,1,0.2683827310742863,-0.44873340199290357,no,yes,no
16757,2,1,1.3354280174808235,-0.28743143988535197,no,yes,no
16773,3,4,0.3540941295917118,-1.3383117253603727,no,yes,no
16820,2,1,0.35697449516337,-0.6273125995835944,no,no,yes
16916,4,2,0.5532112662797392,-0.30605725066604467,no,yes,no
16918,4,1,1.2874600991005198,-0.4594943512940466,no,no,no
16926,4,1,0.5715149288942958,-0.43174442264044893,no,no,no
16932,4,2,0.9576520519909556,-0.6470873588623524,no,yes,yes
16968,4,2,-0.3317395823270125,-0.5437503053599482,no,no,yes
17026,4,2,0.9521892834227229,-0.7271810597196243,no,yes,no
17037,4,1,0.5497083230596355,-0.5054899681740477,no,no,yes
17041,4,1,0.6846247276939255,-0.46400334545626565,no,no,no
17120,4,2,-1.0958030671390977,-0.7848052107462146,no,no,yes
17122,4,1,0.6968033230908359,-0.620585260297328,no,yes,no
17150,3,4,-0.06005279352968946,-1.2372029546763748,no,yes,no
17156,3,4,0.4144435185761581,-1.3901739091361498,no,yes,no
17175,3,1,1.2568692022058345,-0.8064839111643296,no,yes,no
17190,4,1,1.1797599043885465,-0.6926263087726223,no,no,yes
17210,4,2,-0.12638173045661105,-0.6548667779384204,no,no,yes
17237,3,1,0.6166228241841691,-0.8767218460962838,no,no,yes
17242,3,1,1.4446885690886784,-0.6816324259050924,no,yes,no
17252,3,2,-0.37880476419797476,-1.1227292794369772,no,no,yes
17284,4,1,1.0650984799698802,-0.602609921969534,no,yes,no
17320,2,1,0.3843889421509015,-0.6735266220963025,no,no,yes
17322,3,1,0.371252685019792,-0.8739495723370587,no,yes,no
17359,4,2,-0.025539758374555143,-0.5119581275299455,no,no,no
17423,4,1,0.6415777337963945,-0.4672537479680965,no,no,no
17457,3,2,-1.4573645315518342,-1.1128801245191866,no,no,no
17483,4,2,0.9754598658589547,-0.7565024013475184,no,yes,yes
17549,4,3,-0.7024244207791486,-0.8614176344146337,no,no,no
17554,4,1,1.298168070594706,-0.6612938362688122,no,no,no
17580,2,1,0.2658627678763496,-0.41495709404921927,yes,no,no
17624,4,1,1.056446395458412,-0.6186026268951663,no,no,no
17703,3,4,0.8162418734880826,-1.6188369481672389,no,no,yes
17737,2,1,0.36957954626868667,-0.41321395532777416,no,no,no
17757,4,3,-0.6351599219372046,-0.727883087918727,no,no,no
17778,3,1,1.2644686968690857,-0.7536937637922303,no,yes,no
17790,3,1,1.4117353306159897,-0.6754283414169164,no,yes,no
17801,4,2,0.922246483845938,-0.745984741931772,no,yes,no
17887,4,1,-1.1007859234355217,-0.6516909776058067,no,no,yes
17898,2,1,1.3946474064549377,-0.46210233851280696,yes,no,no
17918,3,4,0.7871625121366211,-1.0296889934719795,no,no,no
17930,4,1,0.2428478449451466,-0.755240435365288,no,no,no
17933,4,2,0.6138657233710119,-0.7181307048604841,no,no,no
17963,3,4,0.5542047603539625,-1.8721421452649265,no,yes,yes
18034,4,1,0.5705716961965813,-0.8406043317201377,no,yes,no
18064,3,4,-0.04411916947398458,-1.1847630319714497,no,no,yes
18087,4,1,1.3672806585199246,-0.5174498118179136,no,no,no
18089,3,2,-0.0796231581616756,-1.0657040731664136,no,yes,yes
18093,3,4,0.8212308141433561,-1.1094384502004584,no,no,yes
18110,4,1,1.0794150161599732,-0.6191987477046024,no,yes,no
18138,4,1,-0.38133371013229533,-0.7359294610468085,no,no,no
18184,4,1,1.4276165357149968,-0.642567734718684,no,yes,yes
18220,3,3,-0.6400464638242406,-0.9942065140681184,no,yes,no
18224,1,3,-0.3451552902320318,-0.8760605209429606,no,no,no
18235,4,2,0.9812210805599617,-0.7409327530411774,no,yes,no
18253,3,4,1.1539027763792036,-1.5768999038478868,no,no,no
18292,3,1,0.06801203440501162,-1.0473466910254865,no,no,no
18307,2,1,1.2312050003103263,-0.6223128620162366,no,no,no
18336,4,1,-0.30347686365220755,-0.6772609429707985,no,no,no
18340,3,1,1.3599817380948105,-0.8262141499786954,no,no,no
18394,3,4,1.4539642780042885,-1.7239836292474562,no,yes,no
18412,3,1,1.2451277518724218,-0.8479001806876513,no,no,no
18429,4,1,1.2603589723203803,-0.4554233670735497,no,no,no
18434,4,2,0.9481038584526725,-0.6490601694239507,no,no,no
18437,4,2,-0.09541081695855724,-0.9405107383373125,no,no,no
18440,4,2,0.9028705648898151,-0.5644113478953475,no,yes,yes
18449,2,1,0.7160198469163606,-0.6422538894328934,yes,no,no
18504,4,2,0.3461739230368712,-0.7648288368253012,no,no,no
18511,3,1,-1.5087265146645243,-1.2797406691961328,no,no,no
18527,4,1,0.2178949512285584,-0.8051385249971101,no,no,yes
18549,3,4,0.6849430252979796,-1.217341267259288,no,yes,no
18582,4,1,-0.44528182640796593,-0.6712692331476776,no,no,no
18589,4,1,1.4031111219001111,-0.5857367989859421,no,no,no
18620,3,4,0.9118819108209277,-1.6769042134365888,no,no,no
18630,4,2,0.34772638638499115,-0.7986350546749182,no,no,no
18644,4,2,0.5052250813536511,-0.7493031933486192,no,yes,no
18678,4,2,0.3423122282852931,-0.8234663809175118,no,yes,no
18697,3,4,1.466090314758233,-2.4850755872703982,no,no,no
18699,3,4,-0.05531237920593672,-2.234327505936062,no,yes,yes
18738,3,4,1.2792264935374682,-1.1062617333818692,no,yes,no
18742,4,1,-0.11015365939888115,-0.6823491267775811,no,no,no
18755,4,1,1.3813253150364035,-0.6328660392729425,no,no,no
18791,4,1,0.13558438832239472,-0.7051936422594546,no,no,no
18812,2,1,0.12905812866509694,-0.7156038160322303,yes,no,no
18828,4,2,0.7827059478720207,0.024917524797513625,no,no,no
18832,4,2,0.7422539598079796,0.05286432750325,no,no,no
18856,4,2,-0.21697338757114298,-0.09976569716810507,no,no,yes
18930,4,1,0.551946418705563,-0.12990734433074805,no,no,no
18939,4,1,1.2248690084587954,0.01888098081763161,no,no,yes
18951,4,1,1.1923849302253184,-0.028037810687283775,no,yes,yes
18984,2,1,0.8535895607477518,0.1605802374594031,no,no,no
19043,4,2,0.8340605507416113,-0.29337534306751273,no,no,yes
19077,4,1,1.1630281627491466,-0.04492745117084168,no,no,no
19135,2,2,0.7417964122070738,0.029874632656826453,yes,no,no
19158,2,2,0.6721695396506665,0.14656013429379205,yes,no,no
19173,2,2,0.16949810385365727,0.07942189329934199,no,yes,no
19199,4,2,0.7962486745230514,-0.27840033658354946,no,no,no
19290,4,1,1.2520076420876702,-0.17236357467772329,no,yes,no
19324,4,2,0.8147555437575711,-0.12370105427815477,no,yes,no
19331,2,1,0.9068215340680265,0.031808946071200064,no,no,no
19336,4,1,0.26016755968976835,-0.13770516081295875,no,yes,no
19343,4,1,1.0285077694237619,-0.18187360070365716,no,no,no
19361,2,1,0.9327551114777445,-0.047831712920140775,no,no,no
19426,4,2,-0.12044152341576285,-0.25762734180746927,no,no,yes
19432,4,2,0.8048552451944688,-0.35169725641702,no,no,no
19433,4,2,0.8014468818303184,-0.2551600609173386,no,no,no
19468,4,1,1.187109629708671,-0.15502136307459555,no,no,no
19484,4,1,1.1624590329109294,-0.10277812184345103,no,no,no
19489,4,1,1.2101282880380908,-0.14878161953288627,no,no,no
19490,2,1,1.0471450153496615,0.01156859712966257,yes,no,no
19518,4,2,0.7457536103918819,-0.04856840966446622,no,no,no
19535,4,1,1.0420474945221505,-0.15573285850081267,no,no,yes
19550,4,1,1.0647552452249864,-0.13336032529251307,no,no,no
19570,4,2,0.7949273687366931,-0.2259439491299075,no,no,no
19576,4,1,0.5088055199165966,-0.010153090711345632,no,no,yes
19601,2,2,0.7652893698970357,-0.04107331925905819,no,no,no
19638,4,1,0.5761395763730826,-0.292483905467999,no,no,no
19645,4,2,0.8162088539417921,-0.11490842635568033,no,no,no
19651,2,2,0.7608424453399455,-0.12117517018863257,no,no,no
19684,2,1,0.5330518143146512,0.09064104848177205,yes,no,no
19700,4,1,1.180089497142668,-0.1693302285395602,no,no,no
19707,4,1,0.1809226456808438,-0.45121528798739896,no,yes,yes
19714,4,1,0.3431545425363434,-0.26154819964996173,no,no,no
19715,4,1,1.2027301962097954,-0.20796632235192483,no,yes,yes
19729,4,2,0.19404688461209119,-0.1795998455193879,no,yes,yes
19734,4,2,0.7437720353731508,-0.2718096164837965,no,yes,no
19739,4,2,0.8424735119499339,-0.2152151247801972,no,yes,no
19740,2,1,1.1560113639902447,0.04071687751431278,no,no,no
19777,3,4,-0.7732591367423766,-0.7653579894828458,no,no,no
19802,4,1,0.9930164052518187,-0.4551012443344938,no,yes,yes
19814,4,2,0.16458126904549467,-0.07622152483648577,no,no,no
19821,4,1,1.0639443373573314,-0.18189064064076452,no,no,no
19822,4,2,0.814027439289556,-0.3006775405955138,no,no,no
19823,4,2,0.7501143270912459,-0.0788420177114622,no,yes,yes
19836,4,2,0.21456896131010125,-0.28590759424230655,no,yes,no
19841,4,1,0.3046056173272194,-0.4775007764743257,no,yes,no
19852,4,1,0.8960467089052874,-0.11673476115675759,no,no,no
19874,2,2,0.21352570128990706,-0.423497802318746,yes,no,no
19895,2,2,0.19008523736359842,-0.03792672302348779,yes,no,yes
19914,4,2,-0.11728039692583216,-0.2818009289407395,no,no,yes
19988,4,2,0.7817462413899904,-0.20024088065558676,no,no,yes
20035,2,2,0.8301842142965461,-0.32799157145576135,no,no,no
20089,4,1,1.0532569491201114,-0.33337424495118895,no,no,yes
20093,4,2,0.856833459513883,-0.3912557964555459,no,no,no
20113,4,2,0.8078515303796706,-0.28894562058535167,no,no,yes
20116,4,2,0.829380138566901,-0.3160651039398804,no,no,no
20117,4,1,1.2260621348026863,-0.22550595657363454,no,yes,yes
20130,4,1,0.5841727370746482,-0.241963279384197,no,no,no
20132,4,2,0.8633723517255103,-0.2710332586186765,yes,no,no
20181,4,2,0.12786924082943418,-0.1877159064952829,no,no,no
20221,4,1,0.5704283707146224,-0.21078783701059023,no,no,no
20229,2,1,0.2122230253509582,-0.17322847324997875,yes,no,no
20272,2,2,0.8135822592251712,-0.1374413623463956,yes,no,no
20292,2,1,1.2818162752527347,-0.16185893699271464,yes,yes,no
20313,2,2,0.7772967163525093,0.07681441899784794,no,no,no
20317,2,1,1.2692554667729397,0.0039179540741589945,yes,no,no
20334,4,2,0.8406421097145594,-0.20847395885391184,no,no,no
20353,2,2,0.17513689819198253,-0.2666593640424572,no,no,no
20354,4,1,0.17514858812818745,-0.5910320585890466,no,no,no
20357,2,2,0.7412741679251122,-0.06838086799509326,no,no,no
20366,4,2,0.8526793031726536,-0.29994291904897075,no,no,no
20400,2,2,0.814882883955164,-0.05087112193432873,no,no,no
20425,4,2,0.7757149984920071,-0.19156394172829241,no,no,no
20437,4,1,0.9781000680211231,-0.3194703436246766,no,no,yes
20440,4,1,1.101274361591462,-0.2976443776077505,no,no,no
20443,4,2,0.20822890976833827,-0.22460917765155916,no,no,no
20506,4,1,0.5939477910586692,-0.24443230296219884,no,no,no
20523,4,2,0.11987998724777904,-0.18289069883179046,no,no,no
20534,4,2,0.23517732733509725,-0.3843802720183065,no,no,yes
20587,4,2,0.568837678304945,-0.391409792772701,no,no,no
20590,4,2,0.847023006069524,-0.2733354816779444,no,yes,no
20600,4,1,1.2646947270716884,-0.2394971275011625,no,no,no
20641,2,2,0.7667570020967225,-0.1836130247489825,no,yes,no
20645,2,2,0.21638918155898504,-0.17983237695047544,no,yes,no
20697,3,1,1.2234944044529084,-0.49656440459733214,no,no,no
20703,4,1,0.2570508788244709,-0.3830400661895194,no,no,no
20709,4,1,0.5359792405395658,-0.08809247360874045,no,no,no
20738,2,2,-0.8830460314120891,-0.4598339570499381,yes,no,no
20756,4,1,0.5545124921020104,-0.1610638030289869,no,no,no
20766,4,2,0.18132800081071937,-0.17894876538222415,no,yes,no
20790,4,1,0.594340018973608,-0.25585465121487533,no,yes,no
20802,3,1,1.2884552003599723,-0.5391319412356678,no,no,no
20836,2,1,0.6125429107918325,-0.425960364271161,no,no,yes
20857,2,2,0.2088061260537404,-0.39510726497581,yes,no,no
20863,2,2,0.1400017668089267,-0.10573673584650291,no,no,no
20897,4,1,0.5837670200681002,-0.2046993085765361,no,no,no
20899,4,1,1.2443006501519251,-0.29830330470109095,no,no,no
20910,4,2,0.812450537602131,-0.19418447643781842,no,no,no
20972,4,1,1.1733771375892144,-0.16188012252942607,no,no,no
20975,4,2,0.5375837110101457,-0.2502622993648922,no,yes,no
20990,4,1,1.224662438106249,-0.2640751814393813,no,no,no
20991,4,2,0.1468833682529751,-0.2780787660523033,no,no,no
21016,4,2,0.22372176081727976,-0.4319336261082037,no,no,no
21057,4,2,0.5627829258918632,-0.5533429587263047,no,no,no
21077,4,2,0.17037319373430834,-0.13853466908107182,no,no,no
21089,2,2,0.09542709390248383,-0.026080108191932648,yes,no,no
21115,3,4,1.179584948906813,-0.7440082554110504,yes,no,no
21161,4,2,0.7715461519884226,-0.3174505704600596,no,no,no
21181,4,2,-0.8778276392109032,-0.4426590096651619,no,no,yes
21197,4,1,1.0138360020511472,-0.19928589273691277,no,yes,no
21241,2,2,-0.38461387578203327,-0.49218381725709476,no,yes,no
21244,4,4,0.9759939551709702,-0.843120471712059,no,yes,no
21248,3,4,0.7764660065408114,-1.166788873353784,no,yes,no
21266,3,4,0.7699587370207126,-1.098789402144155,no,no,no
21270,4,1,1.2741256731493689,-0.4938717938644455,no,no,no
21271,4,2,0.22448365988118357,-0.42076568747495036,no,no,no
21306,4,2,0.23011786772238832,-0.6520742330573798,no,no,no
21309,4,1,0.2871793824760681,-0.5308586276398941,no,no,no
21402,4,2,0.9249200062947062,-0.6161702063993799,no,no,no
21434,2,2,0.17699032904191717,-0.38341220924449704,no,no,no
21453,3,1,1.2924851064458325,-0.6577924072537356,no,no,no
21472,4,1,0.9971103051287945,-0.5992876554645883,no,no,no
21504,4,2,0.8786830876876331,-0.4181743821337998,no,no,no
21532,4,2,0.8224392300169501,-0.3145906337293101,no,no,no
21541,4,1,0.635323080401722,-0.48874660762410577,no,no,no
21569,4,1,0.6212723453491494,-0.32720222934381954,no,no,no
21616,4,2,0.021542385998714133,-0.6892969113816771,no,yes,yes
21618,3,4,0.5235610535855159,-1.536019778091108,no,no,no
21673,4,1,0.6411375817886388,-0.47071007987658925,no,no,no
21717,4,2,0.5481822970698217,-0.3616480733923568,no,no,yes
21746,4,1,0.07346887467822796,-0.506035790747222,no,no,no
21751,3,4,1.4203774249516945,-0.8682876746773803,no,yes,no
21793,4,1,0.16737371263081557,-0.7098972162817015,no,no,no
21802,4,2,0.9307308346110517,-0.6324921302671167,no,no,no
21839,4,1,1.237561822272447,-0.4166419519224616,no,no,no
21863,4,1,0.6419922981334549,-0.523966194149888,no,no,no
21866,4,2,0.2642861950663959,-0.5760003410854606,no,no,no
21873,4,1,1.145748243892799,-0.5320815685322363,no,no,no
21898,4,1,1.3081111112208224,-0.3912858384114268,no,no,no
21909,4,1,0.6365816682087312,-0.45694936403800995,no,no,no
21973,4,1,1.0263973112457991,-0.6028963213244981,no,no,no
22016,4,1,0.09396181026351576,-0.6774166294624265,no,no,no
22047,4,2,-0.07089618870169785,-0.4910473946355373,no,no,no
22053,3,4,0.6682401063797354,-0.7282342273808146,no,yes,no
22115,2,2,0.9125957845914315,-0.6342788459878164,no,yes,no
22157,4,1,1.0081331142112786,-0.46222277850942645,no,no,no
22163,4,1,1.2716235767825181,-0.42260793395149865,no,yes,no
22189,2,2,0.8787555764186286,-0.3822583142419008,no,no,yes
22210,4,1,1.3521596839728012,-0.49655239613504343,no,no,no
22219,4,1,1.1384976966900822,-0.4888943873570441,no,no,yes
22242,4,2,-0.7757696423971887,-0.8512353727972126,no,no,no
22263,4,2,0.8309329043317146,-0.6283495898316926,no,no,no
22283,4,2,0.8976156628409914,-0.42074102876620206,no,no,no
22311,4,2,0.24177324539054,-0.3326556367038372,no,no,no
22317,4,2,0.18323024396319718,-0.49258237182122516,no,no,no
22343,4,1,0.35435511541323067,-0.5508363135173572,no,no,no
22346,4,1,0.6485585284430359,-0.5179168141759718,no,no,no
22369,4,1,0.6642039338501008,-0.6526177345104038,no,no,no
22373,4,2,0.23392130666736355,-0.3389353383719797,no,no,no
22395,4,1,-0.4364584941506725,-0.5136140856986858,no,no,no
22401,4,2,0.8754901431419515,-0.702084024121378,no,no,no
22413,4,2,0.19220510573509694,-0.4403046380899361,no,yes,no
22420,2,2,0.8851456133805227,-0.5084376270852755,no,no,no
22437,4,2,0.1717333506355359,-0.4205026823363676,no,no,no
22443,4,2,0.1902195973954424,-0.4620294557545379,no,no,no
22448,4,1,0.6635745171378568,-0.6998992084346083,no,no,no
22479,3,4,0.8088960094665782,-1.4086965019094313,no,no,no
22487,2,2,0.8591956899975409,-0.42579381129966987,no,no,no
22506,4,2,0.8856720674211346,-0.4955495547396813,no,no,no
22517,4,2,0.2837288846642917,-0.5703509591004331,no,no,no
22531,3,4,0.9235268556673678,-1.1262864592703663,no,yes,no
22564,4,2,0.24119888997660577,-0.39926853947822083,no,no,no
22571,3,1,1.3053066789623657,-0.5669065574839254,no,no,no
22580,4,2,0.604015802241983,-0.4856135798454987,no,yes,yes
22592,3,1,1.1425105582211035,-0.6174595642092205,no,no,no
22601,3,4,-0.48577038938227896,-1.0913662601890501,no,no,no
22612,3,4,1.3937221946018055,-0.9719973129053544,no,no,no
22644,4,2,0.8824841996121484,-0.3359155860596908,no,no,no
22662,4,2,0.9046163290214619,-0.9506559623560739,no,no,no
22667,4,1,0.6238749201905764,-0.6226772192737645,no,yes,no
22670,4,1,0.6870650786481783,-0.6869858158171886,no,no,no
22680,3,1,1.3230626751374166,-0.7088139237036258,yes,no,no
22719,4,1,1.268828823992557,-0.5702048291440466,no,no,no
22753,4,2,0.8123039733420135,-0.46685214174043976,no,no,no
22759,2,1,0.6266773637222188,-0.5039352140018073,yes,yes,no
22773,3,4,0.5310505896051867,-1.423096284864922,no,yes,no
22802,3,1,1.2800342257255053,-0.5955110628682797,no,no,no
22866,4,1,1.2753668063226078,-0.6694288231933156,no,no,no
22874,3,1,1.2691074836984477,-0.6436838984262128,no,no,no
22896,4,1,1.2866707394949468,-0.46411320168290343,no,no,no
22934,4,1,0.6760070016420079,-0.641327580017405,no,no,no
22937,3,4,0.7535706098636318,-0.973604038448453,no,no,no
22952,4,2,0.9304173655164225,-0.7513231494646999,no,no,no
22992,4,1,0.671286485181591,-0.5609984787807395,no,no,no
22998,4,2,-0.024306260511143582,-0.572213752551631,no,yes,yes
23007,4,2,0.5967395467306614,-0.6259389740087145,no,no,no
23013,4,1,1.3271815944765484,-0.5269414880096551,no,no,no
23036,3,4,0.4023268702961604,-1.2539606538555008,no,no,no
23046,4,1,0.3459651908298278,-0.6020118779815347,no,no,no
23110,4,2,0.9232522960770847,-0.561467693815246,no,no,no
23146,4,2,0.9963454970599435,-0.9048447922515059,no,no,no
23156,4,2,0.00538426105403038,-0.6490868923650619,no,no,no
23160,3,4,-0.2673271399729869,-1.2774443996852232,no,no,no
23166,3,4,1.4205292387778121,-1.1418735579877939,no,no,no
23171,4,2,0.2983485410309352,-0.7214499641402368,no,no,no
23177,4,2,0.31681123590872806,-0.7243771583482245,no,no,no
23194,4,2,0.9034529319859713,-0.7309749728427187,no,no,yes
23196,4,2,0.2960263907048627,-0.5998583833685605,no,no,no
23205,2,1,1.0330170723715402,-0.5484336336235436,yes,no,no
23220,3,4,0.4154249376178312,-1.157856878499148,no,no,no
23229,4,2,0.9080598552783034,-0.7383074217361604,no,no,no
23258,4,1,0.3022752635812664,-0.7036919763818242,no,yes,yes
23269,4,1,-1.0330605384226477,-0.6529821909612336,no,no,no
23274,3,1,1.3838886638386054,-0.7736676353751226,no,no,yes
23282,4,2,0.8429677724538472,-0.7393105644312354,no,no,no
23301,4,2,0.006356552454142446,-0.7177335794378152,no,yes,yes
23323,4,1,0.6701881221309872,-0.5947511804160857,no,no,yes
23366,3,1,1.3518865108292297,-0.695464292979053,no,yes,no
23378,4,2,0.6569495558221686,-0.8910995306117534,no,no,no
23387,4,1,-1.3531943521417271,-0.7268317624603459,no,no,no
23408,3,4,-0.21187215723101754,-1.297158260958876,no,no,no
23412,4,1,1.2382440703395252,-0.5681835777497692,no,no,no
23414,4,2,0.6322282247479836,-0.702847683193986,no,no,no
23421,4,2,0.9545307251752733,-0.8283479252095923,no,no,no
23435,3,4,1.1328450469864062,-1.1887026717206282,no,no,no
23520,4,1,0.6472077454894892,-0.4929499291728311,no,no,no
23665,3,1,0.25168717265988966,-1.0831331821730703,no,no,no
23707,4,2,0.6382331702322014,-0.8420464831483611,no,no,no
23736,4,2,-0.787021145605263,-0.746785980181242,no,no,yes
23739,4,2,0.9738891201330548,-0.8748541607969593,no,no,no
23740,4,2,0.33365080681462017,-0.9706512817765803,no,no,no
23753,3,4,-0.16482834987489187,-1.8650500009435227,no,no,no
23779,4,2,0.2064849101840826,-0.4005076606233923,no,no,no
23798,3,4,0.4874334337983736,-1.1701207688947044,no,no,no
23804,3,4,0.5353996723863087,-1.7457756291058542,no,no,no
23862,4,2,0.9225939998676501,-0.5544653494045771,no,no,no
23883,4,1,0.6714968675186265,-0.6508608386247667,no,no,no
23912,4,1,0.2923206655253363,-0.4660320507312515,no,yes,no
23918,4,1,0.376646650044879,-0.5539660076698508,no,no,no
23920,4,1,1.039660246143273,-0.5325238741466833,no,no,yes
23934,2,1,0.3581074664205433,-0.4456861794236496,no,no,no
23956,3,4,1.5379634857047644,-1.4332132277774348,no,no,no
23970,4,1,0.35746838230422123,-0.6439965435416877,no,no,no
23981,4,3,-0.5592140159021628,-0.765084974338027,no,no,no
23992,4,1,-0.3891664065197149,-0.7715393901002328,no,no,no
24053,4,1,-1.1061261333046215,-0.4423986988429346,no,yes,yes
24094,4,2,-0.3868726379759619,-0.607002575226129,no,yes,no
24106,4,1,0.02069892084852198,-0.6064337944829389,no,no,no
24120,4,1,-0.13845085496943196,-0.19048421983581076,no,yes,yes
24125,4,1,-0.07621738887134379,0.05867857198662309,yes,yes,no
24137,0,0,-2.372379799419583,2.6877909907205075,no,yes,no
24177,1,1,-0.8436588124801773,-0.28140398064230066,yes,no,no
24189,4,1,1.1117479183902046,-0.37870122292571956,no,yes,no
24195,4,2,0.685716881491812,-0.15323607909221948,no,no,no
24197,4,1,1.1182999620706537,-0.2754148614389292,no,yes,yes
24284,4,1,1.0276030632528095,-0.2811659795032353,no,yes,no
24307,4,2,0.6939344693014234,-0.24088703819430057,no,yes,no
24309,4,2,0.6846048895233293,-0.23399240298417215,no,yes,no
24327,0,0,-1.800226079223288,1.1204792529460543,no,yes,yes
24332,0,0,-1.6989542987106983,2.964332378448979,no,yes,no
24360,0,0,-0.8631105911330132,0.8745126163692816,no,no,yes
24377,4,2,0.7378286777469427,-0.3295990995721448,no,yes,no
24415,4,1,0.24291806860660908,-0.27201355094921364,no,yes,no
24480,4,2,0.09651158394197826,-0.3169810799922739,no,yes,no
24518,0,0,-0.9430625116745082,1.2957936975896511,no,yes,no
24534,2,1,1.0237419742294507,-0.1931033517879661,no,yes,no
24542,4,2,0.7335785932158709,-0.3098524409595502,no,yes,no
24563,4,1,0.4579910749656452,-0.15072074678310818,no,yes,no
24581,0,0,-1.1036108423453503,1.181535857580542,no,yes,no
24594,4,1,0.5072498432350329,-0.2990077951477166,no,yes,no
24602,2,2,0.6793709902853929,-0.09032979988311476,no,no,no
24611,0,0,-1.608279215165617,0.838306399883163,no,yes,no
24642,4,1,1.2021733018667797,-0.40766659174069125,no,no,yes
24645,2,2,-0.18688524140334992,-0.26896512355150703,no,no,yes
24675,4,1,0.10774749940720159,-0.3619024839528969,no,yes,yes
24681,4,1,0.3248102474026195,-0.2872494786386687,no,yes,no
24683,2,1,1.0179291235737198,-0.1826487646610701,no,yes,no
24685,0,0,-0.500946330438317,0.8617247817331144,no,yes,no
24784,2,1,-0.07459952215550171,-0.30986073713043194,no,no,no
24829,4,2,0.7243883168793244,-0.2110381948180981,no,yes,no
24849,4,1,0.8841828317204835,-0.31639237443491164,no,yes,no
24857,4,1,-0.4594126611001956,-0.26849462064125756,no,no,no
24877,0,0,-1.4902915758624407,1.670681187739441,no,yes,no
24879,0,0,-1.2168602424213804,1.0161518174160435,no,no,yes
24903,0,0,-0.9594732184330318,1.0868326382286115,no,yes,no
24941,0,0,-2.983956520365941,0.8589283646870176,no,yes,no
24956,0,0,-0.6351929300990351,1.2433816806818314,no,yes,no
24959,4,3,0.006314219142060251,-0.3582848185865437,no,yes,no
24977,2,2,0.7600741308906096,-0.2512833903145069,yes,yes,no
25017,4,1,0.9845687781533923,-0.3003258038958331,no,no,no
25026,0,0,-2.053457427914951,1.67108512141878,no,yes,no
25036,4,3,0.32161738645657273,-0.3579657053046392,no,yes,no
25056,4,2,-0.47789196706865034,-0.3208043548514227,no,yes,no
25060,2,1,0.42099567269190474,-0.07991164943342595,no,yes,no
25097,0,2,-1.0319234194144202,0.9855281143861613,no,no,yes
25144,4,1,0.25250135494860454,-0.3482972145097602,no,yes,no
25184,4,2,0.7524179918232494,-0.3648069314364295,no,no,no
25208,0,0,-1.3549441798427324,1.2589982792438374,no,no,yes
25219,4,2,0.39919578563147934,-0.38392503576268333,no,no,yes
25246,0,0,-1.495636162611345,0.8752144571100835,no,no,no
25323,1,3,0.5770981662420305,-0.47647283793557227,yes,no,no
25329,2,2,-0.1997322166550572,-0.17002987888975837,yes,yes,no
25353,4,1,-0.01995177665102166,-0.508377023476395,no,no,no
25367,4,1,0.09364690315690767,-0.5745136292636629,no,yes,no
25401,4,2,0.07997176283569123,-0.15340058037301704,no,yes,no
25476,4,2,0.7003157820151594,-0.16145495901673937,no,no,no
25478,0,0,-2.5435737522554294,1.519042759741311,no,yes,no
25481,0,0,-1.33998957605324,0.9742254394549631,no,yes,no
25485,4,1,-0.06332597621955458,-0.3623963420484786,no,yes,yes
25488,4,2,0.6331320781707294,-0.1303874348733783,no,yes,no
25501,4,2,-0.10181193547493074,-0.3334637417383193,no,yes,yes
25534,4,1,0.9753346890504769,-0.18711250130634585,no,yes,yes
25596,0,0,-1.7421572919906454,1.2667191083145435,no,yes,no
25622,4,1,-0.20364304895783442,-0.44846496765705923,no,yes,no
25648,4,1,0.18908754483738724,-0.2885361001385099,no,yes,yes
25679,0,0,-2.5831289410321014,2.8134684887962806,no,yes,yes
25685,4,2,0.4509100231525366,-0.27223608544565703,no,yes,no
25772,4,2,-0.1803696714685885,-0.3701288283873868,no,yes,yes
25793,4,2,0.7151724807277696,-0.17682616712824872,no,no,no
25798,4,2,0.021973222373594902,-0.3815421812825885,no,no,no
25849,4,1,0.2865313897442636,-0.30780434135544904,no,yes,no
25859,0,0,-0.9508870612428477,1.0377012512462274,no,yes,yes
25866,4,2,0.7587217940862401,-0.3007501300076764,no,no,no
25867,4,2,0.08578079203135615,-0.21287803547680953,no,no,no
25885,4,1,0.4515958391659365,-0.20704407322741067,no,yes,yes
25894,4,1,0.24762967281109613,-0.3430687318368877,no,no,no
25905,4,2,0.7323877023020624,-0.4218453809145341,no,no,no
25912,2,2,-0.47543244240074406,-0.2129991949070954,no,yes,no
25949,2,1,0.838732849444684,-0.05022096737406465,yes,no,yes
25968,2,2,0.6719696113261416,-0.03907433695312438,no,no,no
26028,0,0,-0.7073810749230657,1.4167475180204798,no,yes,no
26031,0,0,-1.0751421217942803,1.013092434392871,no,yes,no
26056,0,0,-2.6427358797343845,0.6717847934292972,no,no,no
26084,4,1,-0.525896137649844,-0.34688103750609617,no,yes,no
26108,4,2,0.7620366059460838,-0.43765483530470817,no,no,no
26114,4,2,0.15414245982801592,-0.458958194359991,no,no,yes
26117,2,1,0.8052087655485843,-0.0988059778604923,no,no,no
26134,4,2,0.3932030905456599,-0.2732771633374144,no,yes,yes
26146,1,2,-1.2231688327319177,-0.6537175125009219,no,no,yes
26150,0,0,-1.4424721901963828,1.1290404162041994,no,yes,no
26212,4,2,0.4528404538316316,-0.1482777653652181,no,no,no
26223,2,1,0.8671692406386211,-0.2534808758355466,no,no,no
26267,4,1,1.0656787991251757,-0.15095547806631684,yes,yes,no
26308,4,2,0.733182593435179,-0.2601311637892592,no,no,no
26336,4,2,0.7715078816026842,-0.4901644093202432,no,yes,no
26348,4,2,0.4052480820217376,-0.15174678462593233,no,no,no
26370,0,0,-1.8465366478769432,1.225853984357972,no,yes,no
26403,4,2,0.4550577245872416,-0.31647686730950275,no,no,no
26416,4,1,1.1723827232502952,-0.3134002520865629,no,no,no
26434,4,1,1.2234787597449812,-0.37824284229292665,no,no,no
26453,4,1,0.49029875033120357,-0.23505377964055255,no,no,no
26536,4,2,0.7528722557514493,-0.394489987193298,no,no,no
26557,4,1,1.1886020207557422,-0.22477046848624402,no,yes,no
26567,4,1,0.5119640840690481,-0.32363983067253416,no,yes,no
26600,4,1,-0.0575112264907418,-0.3676475366551003,no,no,no
26615,0,0,-1.4539999366698844,1.1597202716122188,no,yes,yes
26617,4,2,0.764418452558311,-0.36903282669708937,no,yes,no
26636,4,2,-0.23903795603004663,-0.15678593208757668,no,no,no
26670,4,1,1.1049463966028328,-0.20567526527996038,no,yes,yes
26678,4,2,-0.11537778381976496,-0.2824053921174552,no,no,no
26718,4,2,0.7263500705231587,-0.22325979533901877,no,no,no
26745,0,0,-0.7156542475343094,1.4194121683524554,no,yes,no
26747,2,1,0.2827569784833907,-0.304447928901177,no,yes,yes
26764,4,2,0.3724772772889833,-0.1817330001779081,no,yes,yes
26770,4,1,0.8532806162490977,-0.3516088582497749,no,no,no
26811,4,1,0.10374637661588927,-0.4601792901557114,no,yes,no
26864,2,1,0.5919185329641068,-0.2306797846841581,no,yes,no
26881,4,1,1.1959363962291252,-0.2624322120542054,no,yes,no
26920,4,2,0.08990771759818549,-0.24255536480086412,no,yes,no
26939,4,1,0.49182632557620953,-0.3311033466289091,no,yes,no
26970,0,0,-2.1581138994793907,1.5241076109847829,no,yes,no
26988,4,1,0.5957156584521923,-0.33534956452482945,no,no,no
27030,0,0,-1.8418753266218393,1.3317806080701748,no,yes,no
27040,4,1,1.090667579297115,-0.18540137978431695,no,yes,no
27056,4,1,0.23538269337505177,-0.31691856851835243,no,no,no
27084,0,0,-0.9396818391232499,1.0308327953298528,no,no,no
27094,4,2,-0.22618072760229158,-0.26129103556539496,no,no,no
27102,2,1,0.47375543132379644,-0.057507536348459606,yes,yes,no
27103,4,2,-0.6437155936217176,-0.30269438033364565,no,no,yes
27161,4,2,-0.36263245472835326,-0.4024154641757489,no,no,no
27173,4,2,-0.12832657859489702,-0.26762284679793863,no,no,no
27206,4,1,0.5562194049126093,-0.6304927753134253,no,yes,no
27231,1,2,-0.6059825802695772,-0.5662414420973041,no,no,no
27233,4,1,1.0346513949775409,-0.4122486555885484,no,no,no
27272,0,0,-2.0301281827369446,1.1899068791738519,no,no,no
27304,4,2,0.6973508052803092,-0.18065621947747684,no,yes,no
27310,0,0,-1.7891127499532642,1.3333301715623005,no,yes,no
27315,4,1,0.1932839275223862,-0.5783113100125423,no,no,no
27325,4,1,0.9177974198805721,-0.4013124711040685,no,yes,no
27336,0,0,-1.5068578674517938,1.1924451033088759,no,yes,no
27365,4,1,0.49926959464957454,-0.30355434621031907,no,yes,no
27426,0,0,-1.1445024286651835,1.0945885454365902,no,yes,no
27429,4,2,0.5064791643638149,-0.37563520358710617,no,yes,yes
27494,0,0,-1.8522487076844303,2.3201867180149214,no,yes,no
27526,1,3,-0.5488373248453449,-0.6087850047791143,no,yes,no
27550,0,0,-1.4254204252766134,1.274452324923648,no,yes,no
27591,4,1,-0.6895715623989301,-0.44945470164565265,no,yes,no
27617,3,2,-0.6668169200023963,-0.741786062473484,no,yes,yes
27668,0,0,-1.6263028388941854,0.8473628035982191,no,yes,no
27680,4,2,0.18950241656306713,-0.690769227266745,no,yes,no
27697,4,2,0.07146972374341999,-0.39803946230451726,no,yes,no
27701,4,2,0.8354959035230869,-0.7930891658412612,no,no,no
27735,4,3,-1.1725762497489285,-0.7381042274148402,no,no,no
27782,2,2,-0.10316358890470397,-0.37023550159135077,no,no,no
27803,4,2,0.6785264941280608,-0.5342365872752369,no,no,no
27806,4,2,0.008273391482740413,-0.4670780006086714,no,no,no
27820,4,1,0.18152080080600577,-0.4503559616644117,no,no,no
27876,4,2,-0.24605739574639665,-0.5574215041660132,no,no,no
27897,4,1,1.0610935640740218,-0.5232360242862704,no,yes,no
27903,0,0,-1.7525532672336597,1.1174968593677093,no,yes,no
27930,4,1,0.08421325337324954,-0.6742480075265719,no,no,no
28003,0,0,-2.805908551214287,0.9068612227016682,no,yes,no
28009,4,2,-0.8305637087923797,-0.5422872056771393,no,no,no
28014,4,1,0.8153231493181449,-0.5959188557659054,no,no,no
28031,4,3,-0.998104722906588,-0.594878172409176,no,no,no
28085,4,2,0.6972919998023053,-0.48751837452354807,no,no,no
28093,4,2,0.255984518855585,-0.5965747969121333,no,no,no
28108,4,1,0.7843402253925627,-0.5538516432437911,no,yes,no
28188,0,0,-1.047137599851925,1.0407802102112353,no,yes,no
28192,0,0,-3.5980192382070397,6.415421879034179,no,yes,yes
28200,4,1,0.18733715311572258,-0.4773019471813849,no,no,no
28212,4,2,0.3653582767849513,-0.4978213559816601,no,no,no
28216,4,1,1.0824016834712118,-0.5054888192233086,no,no,no
28273,4,2,0.7130710741394573,-0.4997408376624441,no,no,no
28292,4,1,0.16359388623869217,-0.5445818039407901,no,yes,no
28306,0,0,-1.5313410268418395,1.3425218188413646,no,yes,no
28320,2,2,-0.26827007590437846,-0.33236147220351925,no,yes,yes
28337,2,1,-0.4850913502976265,-0.4355697238467302,no,no,no
28373,4,2,-0.39353418950706615,-0.5750119953247576,no,yes,no
28376,4,2,-1.0092961799350821,-0.6012750079270054,no,no,no
28377,0,0,-3.958179717371709,1.3218847554390811,no,no,yes
28389,4,2,0.43785624500359555,-0.5775245308385694,no,no,no
28420,4,2,0.307935838380885,-0.545896239368971,no,no,no
28427,4,1,1.1124963845940183,-0.41032744644939656,no,yes,no
28486,2,2,-0.12619544538179037,-0.42338500201355883,yes,no,no
28522,4,1,0.1753062589886227,-0.5968935656447865,no,yes,no
28534,0,0,-1.233903643498887,2.3319745838727637,no,no,no
28565,4,1,0.294720281028297,-0.536798677954813,no,no,yes
28567,0,0,-0.9117692840821096,1.3507671537473642,no,yes,no
28580,4,2,0.3787557766057822,-0.49807722001590027,no,yes,no
28582,4,1,0.558154536546516,-0.6011460462123621,no,yes,no
28610,1,1,-0.5170103496792947,-0.5789972977836391,no,no,no
28615,0,0,-1.5786089955664566,1.2327963424370758,no,yes,yes
28616,4,1,0.9457965254039539,-0.6149813000547868,no,no,no
28630,2,1,0.3360735196980078,-0.3431602264425918,no,no,no
28644,4,1,0.07113792034750499,-0.5663930036327852,no,yes,yes
28658,4,2,0.06582198278730193,-0.4733759167146841,no,no,no
28663,4,1,0.9560326284413238,-0.5468970250306091,no,yes,no
28687,4,1,0.3146896710507846,-0.5013617219589477,no,no,no
28722,0,0,-1.3237247006395119,1.3392338486089268,no,yes,yes
28727,4,1,0.22969537809552043,-0.6189627688774638,no,yes,no
28747,0,2,-1.137706056400593,0.6606290963506367,no,yes,yes
28750,4,1,0.23846016485578608,-0.5987723271880508,no,yes,no
28773,0,1,-0.8344954799472554,0.5099849847702675,no,no,yes
28855,4,1,0.8028003469163817,-0.522935766862756,no,no,no
28858,4,1,0.04718331152581931,-0.49485298107298203,no,no,no
28867,4,2,-0.40475306233934094,-0.6495141388946157,no,no,no
28910,4,2,0.6014610189030789,0.05046454800533413,no,no,no
28972,2,1,-0.039135831653177196,0.12984331161343202,no,yes,no
29080,4,1,0.845022022783945,0.007986232525979855,no,no,no
29094,0,0,-1.8566792562060073,0.5828616635308642,no,no,yes
29119,4,2,0.6132642777300047,0.06570212887070592,no,no,yes
29148,4,1,0.17008267409362549,-0.08824506404019718,no,yes,no
29222,4,3,-1.875974277885285,-0.12055467265570911,no,no,no
29223,0,0,-1.4749280206890152,2.166331674309377,no,yes,no
29229,0,2,-1.3687310235106482,-0.1374328693933499,no,no,no
29264,0,1,-0.009676444542335022,0.030486614687297315,no,no,no
29406,0,0,-1.8791818174674135,1.9282532279240596,no,yes,no
29484,4,2,-0.3377819655680927,0.057668997884305906,no,no,no
29488,4,2,-0.34999876616958775,0.1650656062717012,no,no,no
29507,0,0,-0.9710816629802256,1.6341045225499258,no,yes,no
29508,4,1,-0.0023293240208736602,0.01070249016694062,no,yes,no
29521,4,2,0.5619000332305639,-0.036743263430770154,no,no,no
29540,4,1,1.003531368716975,0.04371296053927196,no,no,no
29543,4,1,0.06828082025297755,0.14945039601752494,no,no,no
29550,4,2,0.6499237927468696,-0.045213556519910214,no,no,no
29555,4,2,-0.3372186608848926,0.07905360309660305,no,yes,no
29593,4,2,0.04667282050747225,-0.30285517322236816,no,no,no
29606,4,2,0.4047136722940242,0.04833244637172031,no,yes,no
29622,4,2,0.6312767980703522,0.015230670020495768,no,no,no
29669,2,1,-0.7768028498329906,-0.25600121408884075,no,no,no
29672,0,0,-1.7534802957773599,2.5920930655174486,no,no,yes
29673,0,0,-1.0423812857175476,2.0225780826222803,no,yes,no
29674,4,1,1.0215422529094256,-0.08768938458867973,no,no,no
29678,0,0,-2.9455213117856514,1.028280763968354,no,yes,no
29684,4,1,1.0114506029719108,-0.2131551794282806,no,no,no
29699,4,2,-0.44300628855979496,-0.1281153858647838,no,no,no
29704,2,1,0.06991782060600682,-0.052517406265916625,no,yes,no
29732,4,1,-0.05173801493780649,-0.06705666000330174,no,no,no
29743,2,1,0.06283548192699862,0.12305005026454405,no,no,no
29794,4,1,0.33771442069173163,-0.025249477557374698,no,no,yes
29813,0,0,-1.0103985955752905,1.8354894310889205,no,yes,yes
29824,2,1,0.11521998183595225,0.19314921270498564,no,yes,no
29832,4,2,-0.6217399041235384,-0.03912792451752229,no,no,no
29854,4,2,0.6352459538715202,-0.014657138058693626,yes,yes,no
29860,4,2,-0.3147393434896666,-0.052865926515580156,no,no,no
29901,4,1,0.05943787867676201,-0.08691932816837743,no,yes,no
29904,0,0,-2.498463667460719,1.6815405418907632,no,yes,yes
29928,0,0,-1.1739846142666226,2.5593786606358684,no,yes,no
29988,4,2,0.3286429122945267,-0.02431653319419922,no,no,no
30019,4,1,-0.6958198839216951,-0.11673566513588607,no,yes,no
30139,0,0,-1.7632966437705568,1.9957023681833752,no,yes,yes
30153,4,2,0.6367774323671757,0.03261475030584309,no,no,no
30184,4,1,0.4087974752398408,0.14584590681998572,no,yes,no
30215,4,1,-1.0169604470791327,-0.07147694366050368,no,no,no
30218,0,0,-1.0159677020919884,1.7950730128840775,no,no,yes
30229,0,0,-1.7365828084218573,2.037644717596184,no,yes,no
30231,4,1,0.07357822383214947,-0.14063576051357923,no,yes,no
30357,4,2,0.00676316584922908,-0.05864548421720866,no,no,no
30361,4,1,0.18041642663347246,-0.2656129312047587,no,yes,yes
30367,2,1,1.0886436086975062,0.089687490846657,no,no,no
30391,4,1,-0.5530852333824176,0.6022928664330431,no,yes,no
30403,4,2,0.013834621399366136,0.002391556711002647,no,yes,no
30414,4,1,-0.07204555238806114,0.030707606920503706,no,no,no
30416,0,0,-1.5756821961543517,1.3409043856060772,no,no,yes
30467,2,1,0.283462960445776,0.10323862393256505,no,no,no
30480,0,0,-0.7906384984373949,1.4793087718501559,no,yes,yes
30539,2,2,0.5969902811364075,-0.09775366304761361,yes,no,no
30568,0,0,-2.259993318556032,2.306071216829901,no,yes,no
30586,0,0,-2.376237431172894,1.3886737779568359,no,no,yes
30601,0,3,-1.0358251917863324,-0.12534770235143672,no,no,no
30617,4,1,0.8999336699545919,-0.017760458742096075,no,yes,no
30624,2,1,0.4762065637434983,0.06897710744762345,no,no,yes
30729,4,2,0.024012071099282526,-0.052006614253683726,no,no,no
30744,4,1,-0.1915790880596233,-0.3162386151910768,no,yes,no
30764,0,0,-2.087355216121692,2.072102969155652,no,yes,no
30767,4,2,-0.430772002745115,-0.4610108323363004,no,yes,no
30781,4,1,0.422745199929335,-0.08379536142139137,no,yes,no
30791,2,2,-0.7401413079167248,-0.3095240438215764,no,no,no
30842,0,1,-1.3548031684552189,0.866152280454231,no,yes,yes
30845,4,2,-0.19789212460152916,-0.26360196328720364,no,no,no
30882,4,1,1.0891196758370454,-0.44869804976799893,no,no,no
30920,4,1,0.1417628535512021,-0.1448729374569481,no,no,no
30947,4,1,-0.1365734947757561,-0.23956254090346854,no,yes,no
30951,4,1,0.16315894594777225,-0.19762925663974107,no,yes,no
30959,0,0,-1.1573510539070708,1.848473753303021,no,yes,no
30986,0,0,-2.187452835938072,2.3959777250419245,no,no,yes
30987,0,0,-1.1083409622732425,1.3785647078470016,no,no,no
31050,2,1,0.31985864053820906,-0.04460819122870705,yes,no,no
31088,4,2,0.4020379329129302,-0.38039086910074205,no,yes,no
31097,4,2,0.06483347013085927,-0.2659814305267215,yes,no,no
31143,4,2,0.4740553220083976,-0.5015120990730524,yes,no,no
31150,0,2,-0.6663219119841965,-0.5720315595897778,yes,no,no
31180,3,1,0.5997443707994663,-0.907011045740511,no,yes,no
31193,4,2,0.40221835200965256,-0.4635808807246979,yes,no,no
31243,3,4,0.673640267315396,-0.634841882363483,yes,no,no
31263,4,1,0.8262176309567902,-0.0945342448886504,no,yes,yes
31323,4,2,0.48550526102656044,-0.30447014977168474,no,no,no
31338,2,1,1.0309950190007413,-0.055707387515029266,yes,yes,yes
31354,2,1,0.14257279532454326,-0.524227819364516,no,no,no
31381,4,1,0.9379111801148583,-0.2975022640962756,yes,no,no
31403,4,1,1.0383096801454033,-0.30096256387539505,yes,no,no
31404,4,1,0.8787883902846559,-0.3524744552027711,no,no,no
31439,4,2,0.5433653032952753,-0.8470884772626455,no,yes,no
31442,4,2,0.6184549248482887,-0.44463997654123294,yes,no,no
31463,4,1,-0.05209341693292125,-0.012807758994833858,no,yes,yes
31491,0,0,-2.1367057368020963,1.4150160700135088,no,no,no
31492,2,1,0.42367647990948937,0.13786418666903946,no,yes,no
31493,4,2,-0.7335751115551818,-0.0646977258300768,yes,no,no
31524,4,1,0.050061247765197,-0.036178412945021984,no,no,no
31583,4,1,0.3941286549791032,-0.10303212862174642,no,yes,no
31601,0,0,-1.342372233941586,1.2991577320463006,no,yes,yes
31602,0,0,-2.743703233727792,3.884070184460791,no,yes,no
31629,4,2,-0.32117986823610667,-0.010487611284931671,no,no,no
31642,4,1,1.098359500337291,-0.0174282386537442,no,yes,no
31674,4,2,-0.2694477027966304,-0.12468141993153795,no,yes,no
31714,4,1,0.20817045892193128,0.010213792635586761,no,yes,no
31796,0,3,-0.9958787697032249,-0.25872995504659824,no,no,no
31805,4,2,0.0828780662905378,-0.3232414321636885,no,no,no
31870,0,0,-1.0456655342815409,2.039005948396872,no,yes,no
31890,4,1,0.895839071738542,-0.07739441871298798,no,no,no
31896,4,1,1.1324815415970635,-0.10212104732816295,no,yes,no
31906,0,0,-1.1514512628316762,1.7118000921876877,yes,yes,no
31953,4,1,1.1481971129329722,-0.22457528325919665,no,yes,yes
32038,0,0,-1.353211520358806,0.952268029505078,yes,yes,no
32072,4,1,0.9483838905588534,-0.20996302866409958,no,yes,no
32084,4,1,1.1409556344241196,-0.30585067439546226,no,yes,yes
32097,4,1,0.45378311908658325,-0.25505552831401196,no,yes,no
32101,0,0,-1.5150952868705139,2.0585425080284816,no,yes,no
32134,4,2,0.3326777532140084,-0.0954340505970683,no,no,no
32210,0,0,-1.7631829510329062,0.9295092872256778,no,no,no
32215,0,0,-1.648676441586092,2.0254317818495395,no,yes,no
32221,0,0,-2.6828317583813672,2.0275482199387014,no,yes,no
32222,0,0,-1.7571625667244544,2.1549235739606107,no,yes,no
32227,4,2,0.3848518787930266,-0.1774150433638124,no,yes,no
32258,2,1,0.4459372099524109,-0.019819468160349678,no,yes,no
32261,4,2,0.7170866904952312,-0.24726386355795185,no,yes,no
32265,2,2,0.052099515913836,-0.13133388539340013,no,yes,no
32271,4,1,0.44993185289087967,-0.19355049292058657,no,yes,no
32286,4,1,1.138207655460661,-0.18449578495750601,no,yes,no
32293,0,0,-1.3485383370462192,1.9343151718130747,no,yes,no
32321,0,0,-1.8356316496726972,2.0525681589173637,no,yes,no
32325,2,1,1.1292710869991447,-0.06904481959204056,yes,yes,yes
32352,2,1,1.0757153390827592,-0.16174329934696702,no,yes,no
32359,4,1,0.3871061006388765,-0.10640342473507468,no,yes,no
32370,0,0,-2.0859634672943517,1.9790428301722074,no,yes,no
32385,0,0,-2.340221649211362,1.8888241456067336,no,yes,no
32419,0,0,-1.5987242337567267,1.75537066893836,no,yes,no
32428,4,1,-0.09081664897533233,-0.29845937301331854,no,yes,yes
32436,0,0,-1.763498813202951,2.2641085314096494,no,yes,no
32458,0,0,-1.44038978403364,1.7695353096352722,no,yes,no
32464,2,2,-0.27177026531105813,-0.11656786715278104,yes,no,no
32484,4,1,0.8173087948372976,-0.14473318759656909,no,yes,yes
32491,4,1,1.1207957409458906,-0.30897749247558753,no,yes,no
32504,0,0,-1.3127605275925145,1.852638828166707,no,no,no
32510,4,1,0.06063640429787892,-0.33006960781593925,no,yes,no
32527,0,0,-1.3735150769624458,2.5049499553236045,no,yes,yes
32534,0,0,-1.3876156543926768,2.167239707727441,no,yes,no
32563,4,1,1.1672653915608608,-0.23538554226149394,no,yes,no
32570,4,2,-0.006455736792815132,-0.22563131467518271,no,yes,no
32584,2,1,0.5748694600267106,-0.3267359891055944,no,yes,no
32638,4,1,0.9086207745707423,-0.16107129387933986,no,yes,yes
32719,1,1,0.11021706089001107,-0.407674852092641,no,yes,no
32732,0,0,-1.140632055696416,2.1871070607641356,no,yes,no
32740,0,0,-1.8206115067190478,2.0351886894259676,no,yes,no
32776,0,0,-1.9713208483880313,2.089761197439797,no,yes,no
32783,4,1,1.034338743113825,-0.06228773438422912,no,yes,no
32786,4,1,0.9733090200854707,-0.24152514491245755,no,yes,no
32787,0,0,-1.2233666549145947,1.9512652984575556,no,yes,no
32810,2,1,0.932175361507933,-0.06741823473608237,no,yes,yes
32832,4,1,0.5257746229788804,-0.21844019675938098,no,yes,no
32854,0,0,-2.2087521278152162,2.3214813192012396,no,yes,no
32867,4,1,0.27626274718320115,-0.16249432630175875,yes,yes,no
32943,4,2,0.6278326087762697,-0.23891526873118724,no,yes,no
32962,0,0,-1.8399122265908519,2.089575583264766,no,yes,no
32968,0,0,-1.3361593537795784,1.1768591255338008,no,yes,no
32983,0,0,-0.8349898998321085,1.4673269831044125,no,yes,no
33021,2,1,0.4547083835000185,-0.18193110348227987,yes,yes,no
33027,4,1,0.3396715295549364,-0.18561630133292795,no,yes,no
33034,0,0,-1.794963578222853,1.035050217124535,no,yes,no
33038,0,0,-1.7036711030980483,2.071683734977911,no,yes,no
33092,2,1,0.5410704118828824,-0.30403718287383585,no,yes,no
33160,0,0,-2.2848165650069037,2.263880145476644,no,no,no
33185,3,1,0.869322409878441,-0.5493199227064837,no,yes,no
33213,4,2,0.08612504355741006,-0.2500762659375082,no,yes,no
33227,4,2,0.7130293492150038,-0.3268334915073847,no,yes,no
33247,4,1,0.5937896197081987,-0.5469302451161904,no,yes,no
33256,4,1,1.2019882111920093,-0.44172064556340535,no,yes,no
33321,0,0,-1.34502664342565,2.301087838997352,no,yes,no
33347,4,1,0.3430319466470637,-0.4171092098978939,no,yes,no
33357,4,1,0.3440707577453386,-0.3405860361266046,no,yes,no
33393,4,1,0.9286790715258411,-0.26977626790823134,no,yes,no
33400,2,2,0.025272546467093183,-0.2069488249303434,no,yes,yes
33470,4,1,1.1680532270283819,-0.4126463221216072,no,yes,no
33476,0,0,-1.9022269610049765,1.9064902068932428,no,yes,no
33482,4,2,0.061253276198630004,-0.30581896936552244,no,yes,no
33510,2,1,1.2015309745161897,-0.2573446896301535,yes,yes,no
33511,4,1,0.42858117921430167,-0.2219155223137886,yes,yes,no
33525,4,1,0.16866599335791918,-0.40969145112467814,no,yes,no
33566,4,1,0.9967153354353965,-0.2938221071703353,no,yes,yes
33577,4,1,0.3211812249807508,-0.4468624875049999,no,yes,no
33608,0,0,-1.7734591232933128,1.7603656257629865,no,yes,yes
33627,0,0,-2.3059112196402096,3.3651048127766794,no,yes,no
33628,0,0,-2.357384458641973,4.075208236370128,no,yes,no
33659,4,1,0.5149801770367566,-0.18055592169929494,no,yes,no
33690,4,1,0.5414505586169913,-0.28967011971143647,no,yes,yes
33742,4,2,-0.35200196517446597,-0.644623151175601,no,no,no
33853,0,0,-1.022440171610285,1.7153576401861912,yes,yes,no
33858,0,0,-1.6794434660684512,0.8126945442434498,no,yes,no
33869,2,1,0.4884278905660526,-0.38957579377401497,yes,yes,no
33910,4,1,1.178233735525918,-0.42772883899166114,yes,yes,no
33993,2,2,0.031236468247283017,-0.3098977564948547,yes,no,no
33994,4,2,-0.18418244810881892,-0.5090414900610938,no,yes,no
34011,4,1,0.9820149750294139,-0.4500233254168261,no,no,no
34015,4,2,0.06425614841560416,-0.4542135464262755,no,yes,no
34023,0,2,-1.5878274794360998,0.6468177901011039,no,no,no
34048,0,2,-0.9788052165429657,0.3510800717921111,yes,no,no
34061,4,2,0.6579238203792199,-0.43034298984589603,no,yes,yes
34092,4,1,0.13991834263602562,-0.7030632601682475,no,no,no
34117,4,1,1.2314892622352451,-0.6182752894725131,no,yes,no
34122,4,1,-0.009552747731576432,-0.6199046403522714,no,no,no
34123,2,2,0.767449880456944,-0.4407918343357116,no,yes,no
34142,0,0,-1.5022474997282917,1.706718414773163,no,yes,yes
34180,1,2,0.023032862761461666,-0.3077501574380049,no,no,no
34220,4,2,-0.29711378262030336,-0.08900357219788298,no,no,no
34225,0,0,-1.265516162851419,2.045014268009072,no,yes,no
34242,4,1,1.4535189075617896,0.10026520436555934,yes,no,no
34243,0,1,-0.5014118182367922,0.6978917906768604,no,yes,no
34306,4,1,0.8328188652970872,-0.0004351465813147317,no,no,no
34317,4,1,0.34565672607409437,-0.10441271515946078,yes,yes,no
34318,0,0,-1.6620006444754745,2.270780882352097,yes,yes,no
34329,4,2,0.1617056481283351,-0.13822672190577187,no,no,no
34330,0,0,-4.031844483536531,4.8465740902031476,no,yes,no
34346,4,1,1.365612019415679,-0.1049192826166716,no,yes,no
34395,4,3,-0.45880844926895226,-0.21332088134310964,no,no,no
34402,3,1,0.6914991799316542,-0.3907560514480501,no,yes,no
34409,0,0,-1.6918308869093621,2.0591546510842997,no,no,no
34441,4,1,1.4431353065695192,-0.03233118400954231,no,yes,yes
34470,0,0,-1.1054688296437907,2.3621841332036424,no,yes,no
34483,4,2,-0.1503323541342499,-0.24802372083471497,no,yes,no
34490,4,1,1.3077119735969298,0.13205152735613296,no,yes,no
34507,4,1,-0.2896922266209238,-0.10705294337426972,no,yes,no
34541,4,1,0.5914487603263215,-0.01105937069452647,no,yes,yes
34571,4,1,1.366690934081424,-0.17074429273535432,no,yes,no
34619,0,0,-0.8963923302259804,2.384933495892262,no,yes,no
34631,0,0,-1.576542529520584,2.039008230687318,no,yes,yes
34648,0,0,-0.8208168622679808,2.3106936358494177,no,yes,yes
34650,4,2,1.1013185892200694,-0.2944050683905634,no,yes,no
34682,0,0,-0.8749925003842305,2.214369223951391,yes,yes,no
34687,4,3,0.9245670842089131,-0.43032242889901845,no,yes,no
34695,0,0,-1.0667945048032452,2.215137862848822,no,yes,no
34699,0,0,-2.671440628921586,1.5411354021030728,no,yes,no
34731,0,0,-1.28090692734461,1.7996373171082007,no,yes,no
34750,0,0,-0.7378658834849973,2.266861210268279,no,yes,no
34752,0,0,-1.1121335381584845,2.2065716141195493,no,yes,no
34768,0,0,-3.1063914172451543,2.295964502000181,no,yes,no
34776,2,2,0.40985916209334694,0.1337830372740781,no,no,no
34822,0,0,-1.6180454075816886,2.676212754090822,no,yes,no
34836,0,0,-2.1940867386772083,2.9455070305235562,yes,yes,yes
34844,4,1,1.5376113015761537,0.0005020047702498355,no,yes,yes
34873,0,0,-1.2637278693673277,2.139234309149631,no,yes,no
34889,4,2,1.0297599970942817,-0.11383848218501444,no,yes,no
34965,0,0,-0.6176010232758486,2.2464867429692728,no,yes,no
34972,4,1,0.9376651910937428,-0.12954577962852518,no,yes,no
34988,0,0,-1.6591240978462005,2.410231062980484,no,yes,no
34991,4,1,1.550733042814097,0.00029999962026541207,no,yes,no
35019,0,0,-1.4528810872577176,2.3416378169098127,no,yes,no
35046,0,0,-0.6171582381521201,2.2694616555612535,no,yes,yes
35108,4,3,0.873101274303723,-0.14923981934755579,no,yes,no
35154,2,1,1.1822772339229488,0.10644399205719725,no,yes,yes
35172,0,0,-0.6493300295885127,2.191150378648866,no,yes,no
35181,0,0,-1.7737840503273465,2.1653930328089217,no,yes,no
35199,0,0,-1.8630248402961846,2.924854444049012,no,yes,no
35211,4,3,-0.2767074862241927,-0.18991917647814038,no,yes,no
35253,0,0,-2.2472356291973266,1.5188385154309754,no,yes,yes
35317,0,0,-1.1461033878431968,2.2975724516750913,no,yes,no
35329,0,0,-1.2364821108246589,2.063658721275567,no,yes,no
35332,0,0,-1.8605500041731582,2.2834370449321355,no,no,no
35336,0,0,-0.7968388618449991,1.7841346376530094,no,yes,no
35355,4,3,0.8691000181603762,-0.10513332008886801,no,yes,no
35362,4,2,0.46190678012681696,-0.03857604089002648,no,yes,no
35372,4,3,0.8541393726692355,-0.13256216650852834,no,yes,yes
35381,4,1,1.2977636762077855,-0.05665789925699155,no,yes,yes
35391,4,3,0.7891548297132975,0.009624013846226676,no,yes,no
35395,4,1,1.4698805816138456,-0.10443808710446933,no,yes,no
35399,0,0,-2.655215473063071,2.2570466739235657,no,yes,no
35411,4,1,1.3859902868425809,-0.11809423416171037,no,yes,no
35429,2,1,0.8936689300960736,0.11951062831611053,no,yes,no
35485,4,3,0.8653726302355427,-0.07330396823756195,no,yes,no
35496,4,2,0.18436828009709333,-0.13246798337712562,no,yes,no
35505,0,0,-0.8866741571211678,2.319537856811758,yes,yes,no
35525,4,2,0.7355170467411813,-0.0054521602397220904,no,no,no
35527,4,1,0.6407194516620813,-0.13690051232675154,no,yes,no
35554,2,1,0.7146299192776319,0.058033891674031626,yes,yes,yes
35564,4,1,1.5064609298855314,-0.09971751250563977,no,yes,no
35600,4,1,0.4664293475535882,-0.12558226076238227,no,yes,no
35641,4,1,1.5502022622954463,1.4875038005069394e-05,no,yes,no
35661,4,1,0.43262564290325256,-0.10773974386302197,no,yes,no
35665,0,0,-0.7986978730843897,1.8034787560258942,no,yes,yes
35668,4,1,1.315194285638879,-0.08731006277457799,no,yes,no
35670,4,1,1.5257234103346058,-0.09044454551693204,no,yes,no
35728,4,1,0.5468301378605097,-0.07798895816506901,no,yes,no
35734,4,1,1.5750310372837788,-0.12173815902310453,no,yes,no
35736,0,0,-1.2424486153200536,2.1596093682872626,no,yes,no
35762,0,0,-1.1777957766985245,1.978624072553491,no,yes,no
35784,2,1,1.4986187839468015,0.20073191859758213,no,yes,no
35833,0,0,-0.5857056693594728,1.9458583182919795,no,no,yes
35836,4,1,1.5551035884981794,-0.11988230872565805,no,yes,no
35843,0,0,-1.4957612455130975,2.7290772447436016,no,yes,yes
35868,0,0,-0.7296378169071573,2.558794485286605,no,yes,no
35871,1,0,-1.0636945948668057,1.1447823271818311,no,yes,no
35916,2,1,1.362485847160215,-0.055541355710880376,no,yes,yes
35918,0,0,-3.1593538646632675,1.8777295518093635,no,yes,no
35944,0,0,-1.522401070499154,1.8993287473593887,no,yes,yes
35988,0,0,-1.8879853881081856,2.7691859660037426,no,yes,no
36012,4,1,0.3401719973881049,-0.2621478876442006,no,yes,no
36019,0,0,-0.5294901857079981,1.7181086186771037,no,yes,no
36053,4,3,0.8810056925441175,-0.11221570949234912,no,yes,yes
36108,4,2,1.1144008542120651,-0.1677370109049227,no,yes,no
36130,0,0,-0.8916559633757738,2.4512455509650017,no,yes,no
36151,4,1,1.2475253307049496,-0.13041577719837097,no,yes,no
36204,0,0,-2.8761299154210365,2.1329116614310144,no,yes,no
36272,0,0,-1.8791621548892734,1.33423927968474,no,yes,yes
36279,4,1,1.5723082156633463,-0.32589126336883095,no,yes,yes
36291,0,0,-0.9037962293714372,2.404626568928215,no,yes,no
36309,0,0,-1.1391680453519883,1.9747438847413261,no,yes,no
36311,2,1,0.7130709315706006,-0.049823486289046925,no,yes,no
36317,0,0,-1.1057253788428925,1.9627718615140508,no,yes,yes
36318,0,0,-1.269130913202189,2.0442690678089397,no,yes,no
36338,0,0,-0.7616547646451081,2.2848859751345554,no,yes,no
36355,4,1,1.401592782738052,-0.17156831709324574,no,yes,no
36377,2,1,1.5577663128267865,-0.02388704426452512,no,yes,no
36378,4,1,0.644540065344425,-0.19928608546112153,no,yes,no
36429,4,1,1.5885631869792232,-0.11751639334800072,no,yes,no
36499,4,2,0.8791294157611643,-0.27207384583196575,no,yes,no
36538,0,0,-1.454620015346288,2.0530213018532,no,no,no
36543,0,0,-1.513285050333572,2.609346280233785,no,yes,no
36663,0,0,-1.256783550004081,2.777324372205072,no,yes,no
36669,0,0,-1.3087198877111124,2.114545951473694,no,yes,no
36677,0,0,-0.8876548231735304,2.8081171068283552,no,yes,no
36681,0,0,-1.7161063714584845,1.920101468610395,no,yes,no
36756,4,1,0.8675239878461903,-0.0639206890784066,no,yes,no
36771,4,1,1.5929877795172338,-0.20771822552651475,no,yes,no
36848,4,1,1.2619718946620766,-0.24597269461735974,no,yes,no
36853,0,0,-1.6808770681376357,2.0834276967875303,no,yes,no
36857,0,0,-0.6048848903779704,2.200719032460739,no,yes,no
36864,2,2,0.1434010077148674,-0.07095692613440717,yes,yes,no
36877,4,1,0.8613785591794474,-0.19435536814407234,no,yes,no
36908,0,0,-2.6272574277752496,3.9818449265470384,yes,yes,no
36909,0,0,-0.6503371466409227,1.7256267097466575,no,yes,no
36937,1,3,0.544994401294281,-0.3360518290777281,no,yes,no
36986,4,3,0.7195221576466824,-0.21844791195379373,yes,yes,no
36988,3,1,1.4261788609516775,-0.6007691741474513,no,yes,no
37009,0,0,-1.34805452635356,1.2002505065964337,no,yes,no
37025,0,0,-0.6963260340651994,2.0969372797445964,no,no,no
37028,0,0,-1.477286332274147,2.712669614965639,no,yes,no
37059,4,1,1.4020622308611408,-0.17970403232719936,no,yes,yes
37090,0,0,-1.7590961927818847,2.5957097449322584,no,yes,yes
37101,0,0,-0.846179754903212,2.7849224473067977,no,yes,no
37109,0,0,-0.9619144230382837,2.2269481711505277,no,no,no
37119,4,2,0.8172817431354719,-0.28587287151226226,no,yes,no
37155,4,3,0.9653619947980931,-0.5114229672122692,no,yes,yes
37160,0,0,-0.6728257779693252,2.333091346193936,no,yes,no
37175,4,1,0.8320712029326508,-0.10425212893980701,no,yes,no
37176,4,2,-0.478404765514117,-0.6893653135142374,no,yes,no
37184,0,0,-0.9223692199097349,2.5474830711749643,no,yes,no
37190,0,0,-3.261500703510782,3.6601216085166497,no,yes,no
37191,2,2,1.119080342836629,-0.06727718886804503,yes,yes,no
37198,4,1,0.930706833271444,-0.1204110924498091,no,yes,no
37206,1,2,-0.5908007247841547,-0.15695989185438716,no,yes,no
37215,4,1,0.7528393916873722,-0.2710606678657632,no,yes,no
37240,4,1,1.3756728812668695,-0.22324076338892954,no,yes,yes
37254,0,0,-2.450691839272325,2.1831118688904083,no,yes,no
37259,2,1,0.7678715199838693,-0.06586229898503054,no,yes,no
37272,0,0,-1.640935021216348,2.282557875293675,no,yes,yes
37344,4,1,1.5799628100435554,-0.12820681731167546,no,yes,yes
37353,4,3,0.25189313344434816,-0.22949437095944453,no,yes,no
37356,0,0,-0.9737971983041285,2.175803936421924,no,yes,no
37371,2,1,0.7407724309666845,-0.08480790220220297,no,yes,no
37388,0,0,-1.3564628779911703,2.7553258934399363,no,no,no
37439,0,0,-1.1437891963128233,1.4606183316497974,no,yes,no
37442,0,0,-0.7829053894550054,1.9420772537499715,no,yes,no
37443,0,0,-1.4501190065682599,2.1528304067984285,no,yes,no
37458,2,2,0.4336284470995551,0.0923752019312656,yes,yes,no
37461,4,3,0.8431913897065575,-0.16298862201139622,no,yes,no
37524,0,0,-0.9729416582124544,0.8105788774852236,no,yes,no
37535,4,2,1.0848672386794052,-0.25197296611513903,no,yes,no
37542,0,0,-1.699005265682542,1.474814172639696,no,yes,no
37554,3,3,-0.7625036021460385,-0.6322083892055543,no,yes,no
37566,0,0,-3.630855662152397,3.6009952912850047,no,yes,no
37578,3,1,0.9969030463870275,-0.4993971701989987,no,yes,no
37585,2,1,0.5913119472657212,-0.062358134259616865,yes,yes,no
37586,0,0,-2.4059117426440135,2.8438869415822476,no,yes,no
37596,3,4,1.6878802028391402,-0.7459748409614675,no,yes,yes
37598,0,0,-1.7789062850747823,2.163921037868318,no,yes,no
37609,4,1,0.6127513537551819,-0.16426324942882842,no,no,no
37629,4,2,0.47516152847252924,-0.1446685283428771,no,yes,no
37634,4,1,0.43247887489565096,-0.17572678080082885,no,yes,no
37643,0,0,-1.1968550378731564,3.3059528695854365,no,yes,no
37654,0,0,-1.5120906715421196,1.2286035562118331,no,yes,no
37677,3,1,0.5439744662001068,-0.5812723492103841,no,yes,yes
37689,4,1,1.595841688416241,-0.21783798666157028,no,yes,no
37705,0,0,-0.9736912020507268,2.37293312452473,no,yes,no
37726,0,0,-1.0276892541747342,2.307919859724892,no,yes,no
37728,0,0,-0.6113959569286123,2.1297427152033066,no,yes,no
37731,4,1,1.4941929069060247,-0.1717939202916722,no,yes,no
37748,2,1,1.4109875467957846,-0.10204183134097557,yes,yes,no
37791,4,3,0.2630428205723332,-0.2837923400085462,no,yes,no
37803,0,0,-1.7828999058507773,3.507510685162288,no,yes,no
37814,4,1,0.7506399389517541,-0.27909964296727696,no,yes,no
37831,4,1,1.578093096760738,-0.14958692544714272,no,yes,no
37834,0,0,-0.6297471959029527,2.271192723515815,no,yes,yes
37882,0,0,-1.7235670161866705,2.2465882363154357,no,yes,no
37890,4,1,0.7678081742099013,-0.2717950529796446,no,yes,yes
37914,0,0,-1.6338885109173862,1.9095556166987984,no,yes,no
37928,0,0,-1.8791241645468775,1.9754028752797057,no,yes,no
37951,4,1,1.6144028447674041,-0.36107668139319665,no,yes,no
37977,0,0,-0.7967304928802776,2.689195263814055,no,yes,yes
38005,0,0,-1.589856536985532,2.666927470873849,no,yes,no
38022,4,1,1.5370974932569115,-0.3070766036259009,no,no,no
38039,0,0,-1.1845154312348114,1.7377697977317825,no,yes,yes
38062,0,0,-0.837585033473613,1.9298065727555398,no,no,no
38071,1,3,0.35574271796712625,-0.5378348784199336,no,yes,no
38078,3,4,1.6209044160512565,-0.7313634582502687,no,yes,yes
38138,0,0,-0.7905180823935646,2.0712043642018285,no,no,yes
38168,4,3,0.8998648742103506,-0.22238478336945686,no,yes,no
38206,2,1,0.7743341199426947,-0.11926021870981114,no,no,no
38250,4,2,0.16811640164251615,-0.19147205656434377,no,yes,no
38255,0,0,-2.548286192697938,2.4590831714474364,no,yes,no
38279,4,1,0.5804663922735239,-0.17852002041923276,no,no,no
38299,4,1,1.5925855365247343,-0.18892112512617354,no,yes,no
38323,0,0,-0.7278626127264243,2.145388416265467,no,yes,no
38340,2,2,0.14515686324859095,-0.01337210265253393,no,yes,no
38347,0,0,-1.6289369841696937,1.642194190479775,no,yes,no
38366,0,0,-1.6893456958063093,2.160422183854029,no,yes,no
38380,0,0,-0.7379230894410465,2.0626934246045487,yes,yes,no
38450,2,1,0.3300796239495335,-0.19457889505024492,yes,yes,no
38460,4,1,1.6434235760759395,-0.3964338926376458,no,yes,no
38472,0,0,-1.332988419042161,2.0086116797324958,no,yes,no
38531,4,1,0.4941881770431376,-0.2878533820335035,no,yes,no
38553,0,0,-2.553373001363896,2.0892747548239785,no,yes,yes
38558,0,0,-1.4777960916108874,2.111918932501093,no,yes,no
38574,0,0,-3.072968588344533,6.227853638401528,no,yes,no
38612,0,0,-2.8114510644987027,2.8209195091953285,no,yes,no
38653,0,0,-0.8348331124200682,2.2223882723804604,no,yes,yes
38687,0,0,-0.8789573414865607,2.4455730015623853,no,yes,no
38709,2,1,1.299436187425278,-0.23507176160053064,no,yes,yes
38718,0,0,-2.3193740008517434,2.675088300092789,no,yes,no
38774,4,1,1.373479132799951,-0.23923431607898313,no,yes,no
38784,4,3,-1.4412927169114373,-0.5093477035556679,no,yes,no
38806,3,1,1.4769036214485953,-0.6396973681915908,no,yes,no
38811,3,1,0.8726067561386983,-0.7339846388919773,no,yes,no
38814,0,0,-1.8616285741607541,3.905272185122186,no,yes,no
38833,2,1,0.7577692328086542,-0.10995458271340727,no,yes,yes
38835,4,1,0.9060796257807293,-0.2597833052813816,no,yes,no
38901,2,1,0.8811007233434615,-0.147083343026419,no,yes,no
38910,4,1,1.5632686935195985,-0.31589603726688964,no,yes,no
39008,0,0,-2.3979584091625346,4.10439171547012,no,yes,no
39037,4,1,0.9611127140348018,-0.25377539875884475,no,yes,no
39041,3,1,0.5365300028989362,-0.7162363075471327,no,yes,no
39073,4,3,0.3394324741189406,-0.4990919563399878,no,yes,no
39105,2,2,0.33682948963885784,-0.13542956625003263,yes,yes,no
39119,0,0,-2.1133024076733258,1.8315023742573484,no,yes,no
39146,3,1,1.4735000348960758,-0.5571858033124661,no,yes,no
39175,4,1,0.7481895309292924,-0.13611158432376716,no,yes,no
39187,4,1,0.9469570721978616,-0.16394777122172324,no,yes,no
39195,4,2,1.070718693550433,-0.23238638715111193,no,yes,no
39271,0,0,-0.4937831784778663,1.5566505978741212,no,yes,no
39305,4,1,0.6767322068079005,-0.385545354576706,no,yes,no
39314,1,3,0.3379049975710086,-0.6858552940424588,no,yes,yes
39326,4,1,0.7900609164240013,-0.3346948608847015,no,yes,no
39405,4,1,1.5835267811209774,-0.3701354563165743,no,no,no
39518,0,0,-0.6322290293706234,1.190834594809542,yes,no,no
39603,4,2,0.5514187312584133,-0.39494344695592315,no,no,no
39619,0,0,-1.0351033197435033,1.7329101975580805,no,no,no
39667,4,1,0.34546557560943125,-0.4087026933119913,no,no,no
39691,4,2,0.2096573791992675,-0.47840452368660946,yes,no,yes
39697,4,1,0.8090712435303976,-0.38403264817983446,no,no,no
39701,4,2,0.08382747557658954,-0.5053879502126795,no,no,no
39739,3,1,1.4963968549115925,-0.565531911932443,no,no,no
39752,1,0,-1.754021804960568,0.22489380707721332,no,yes,no
39810,4,2,-1.466826412144666,0.6592831557486922,no,no,no
39814,0,2,-1.9338136043340495,0.8315503461904559,yes,no,no
39838,4,2,0.6631063448998161,0.1845403385495722,no,yes,no
39876,0,0,-1.35366704056244,1.3551815904508386,yes,no,no
39881,4,2,-0.34157234297433425,-0.002847772817187059,no,no,no
39882,4,1,1.0464396000777936,0.04904148299606011,yes,no,no
39928,4,1,1.170569093837529,-0.00019688196456055137,no,yes,no
39953,2,1,1.1040969221123527,-0.03334043921642627,yes,no,no
39954,0,1,-0.8415571452477656,0.728270146127774,yes,no,no
39979,2,2,0.025309583568804365,0.09413748677784257,yes,no,no
39996,4,2,0.6486720012753182,-0.09335457433340542,no,no,no
40007,0,0,-1.7223170802415044,0.8813486370203348,no,no,no
40023,4,1,0.4105124360949696,-0.08133216880164199,no,no,no
40070,4,2,0.727764187305742,-0.09610148314372538,no,no,no
40074,4,1,0.9744754732478903,-0.09063618153773609,no,no,no
40104,0,0,-1.448557664879266,1.425747283937663,yes,no,no
40113,4,2,-1.3194721866035153,-0.31867478834249924,yes,no,no
40137,2,1,1.094517557361689,0.029396098981676853,no,no,no
40144,4,2,0.6645158590767649,0.04592343513201651,yes,no,no
40235,0,0,-1.3486582202244493,1.7040508058559172,no,yes,no
40245,0,0,-2.179400090134839,1.3736577914250974,yes,no,no
40277,2,2,-0.1637352460683835,-0.11117194309580362,yes,no,no
40284,4,2,-1.2765496299402277,-0.3644105872257894,no,no,no
40287,0,1,-1.1510065510287262,0.3967352344562436,no,yes,no
40337,3,4,-0.4340889238515391,-1.1878581354153512,no,no,no
40351,0,0,-1.9880016330023191,0.9619732647155471,yes,no,no
40402,4,2,-1.2147801931625106,0.570809358338512,yes,no,no
40407,0,0,-2.9397183908905857,2.5451186459280817,no,no,no
40450,4,2,-0.3833655733762195,-0.07563810108136454,yes,no,no
40474,2,1,0.2125007939816931,-0.21798905187234477,no,no,no
40520,2,2,0.20916713490042627,-0.013930616480456426,no,no,no
40534,0,0,-0.8305151870940733,1.2769287647447605,no,no,no
40558,4,2,0.21115885342527338,-0.29554493773950685,yes,yes,no
40610,0,2,-1.5799280512836185,0.9912835428892446,yes,no,no
40617,4,2,-0.15818985130511085,-0.06628181605826163,yes,no,no
40629,4,2,-1.0177579247444504,0.9805079193825449,no,no,no
40639,4,2,0.1739692109869604,-0.029944884254967812,no,no,no
40641,4,2,0.7665216438363416,0.01869353569111773,yes,no,no
40655,4,2,-0.07108527173097572,-0.3534340981268556,no,yes,no
40705,4,1,1.071539928325407,-0.072166926085511,no,yes,yes
40717,4,1,1.015225150191331,-0.009408170394517752,no,no,no
40724,0,0,-1.3085528480200959,1.0270791646909416,yes,yes,no
40748,4,1,-0.7853635402254118,-0.18766538128508384,no,no,no
40787,0,0,-1.4623341502114617,1.4975169212939643,no,no,no
40805,0,0,-1.7042185874817017,1.9394817884038125,no,no,no
40829,2,2,0.7843028412748431,0.018427409477163433,yes,yes,yes
40837,2,1,0.3061431277530754,-0.03624497859656279,no,no,no
40842,0,0,-2.1642824276711305,2.6328738958575872,no,yes,yes
40863,0,0,-1.2835709062296936,2.682870296001351,yes,yes,no
40881,4,2,0.20397870271288604,-0.1948127692815029,no,no,no
40889,0,2,-1.1410275073409353,1.343936815985959,no,no,no
40896,0,2,-0.8840075467747883,0.9968022915085283,no,yes,no
40897,4,1,-0.0968970494739756,-0.4813614642365294,no,no,no
40909,0,0,-1.1002001930525507,0.7499339161455606,yes,no,no
40933,2,1,0.9327636106016359,-0.1583556267532227,no,no,no
40943,4,1,0.5669196418761575,-0.20411476672188308,yes,no,no
40993,0,0,-1.514704611113102,0.9210377099443245,no,no,no
41034,0,1,-0.631087269200413,1.0350148115620421,no,no,no
41046,0,1,-0.7230548704040721,0.7619072313048171,no,no,no
41053,0,0,-1.7099569706724465,3.090336010108557,yes,no,no
41118,0,2,-0.914941178255895,0.6731953171473221,no,no,no
41148,0,0,-1.2916004957499883,2.478744546130008,yes,no,yes
41151,4,2,-0.14209253115137058,-0.22163640192326792,no,no,no
41216,2,1,0.265228730462956,-0.39656259969531527,no,no,no
41253,4,1,0.3909087875104611,-0.43707300632675383,no,no,no
41261,0,0,-1.1940613490974419,0.6969216013533067,no,yes,no
41272,0,0,-2.2302555458733324,0.6823315486510503,no,no,no
41300,0,0,-2.0401194426900653,0.734847117507035,no,no,no
41324,0,0,-1.1068527712856078,0.7452273767942,no,no,no
41342,4,1,1.2963727639218465,-0.5738888586571883,no,no,no
41349,0,2,-1.3671315750196653,0.3631254127443432,no,no,no
41395,0,0,-1.4974884001112374,1.4450293696910996,no,no,no
41426,0,0,-1.5615780192244957,1.060389436642926,yes,no,no
41431,0,0,-1.8957440736610587,0.8001870626950969,no,no,no
41464,0,0,-2.040951819986299,1.0156938845734997,no,yes,no
41470,2,1,-0.009424323433091127,-0.1395268629918583,no,no,no
41489,4,2,0.5629764037965722,-0.03964239431506995,no,yes,no
41531,4,2,0.21731819520520265,-0.23214948958955145,no,no,no
41534,4,2,-0.07816497905106701,-0.06422138870002836,no,yes,yes
41544,4,1,0.6744723764302247,-0.27205463984502654,no,no,no
41583,0,0,-2.2455398810202376,1.0046003719657168,yes,no,no
41599,4,1,0.07999790457859354,-0.14899414942183822,no,no,no
41610,0,2,-1.1443233250369151,0.8569029446731672,no,no,no
41619,4,1,0.9501958734021186,-0.23849199521324205,no,no,no
41637,0,0,-1.337808292623749,0.849625012815871,no,no,no
41646,0,0,-1.519816837211206,1.401003402405078,no,yes,no
41654,0,0,-1.9328683216977696,0.3947752305306754,no,no,no
41680,4,1,-0.026398010376749742,0.20847019081003743,no,no,no
41735,0,0,-1.7725407729720255,0.5247470178454494,no,no,no
41746,0,1,0.0033537944433683796,-0.25459514169866543,no,no,no
41797,2,3,-0.7276841797639296,-0.2388146390202306,yes,no,no
41818,4,1,0.03121282977867643,-0.3918592996658088,no,no,no
41839,0,0,-2.0847154943823347,1.032455591201678,yes,no,no
41863,0,0,-1.9843745903238148,1.393023060650961,yes,no,no
41879,4,2,-0.01133976848247291,-0.32220175134054047,no,no,no
41885,4,1,-0.686433631861533,-0.2823147135907459,yes,no,no
41896,0,3,-1.05621925674856,-0.2614614562238956,no,no,no
41955,0,0,-0.973536585596763,0.9510876832936438,yes,no,no
41995,2,1,0.026614272464344453,-0.4211705448661132,yes,no,no
41997,0,3,-0.9816526041910357,-0.5676841279763051,no,no,no
41998,4,1,0.7659518935555124,-0.5602951320542754,no,no,no
42001,0,0,-2.0553165263712416,0.6914442758481522,no,no,no
42004,4,2,0.024362223037842877,-0.4111985091262326,no,no,yes
42048,0,0,-0.9064992323322489,1.3431311797591965,no,no,no
42116,4,1,0.022011789117688706,-0.3480855803341534,no,yes,no
42133,2,1,-0.14787698318823916,0.041239084376163804,yes,no,no
42144,0,0,-1.6159160608077663,1.4793407792301108,no,yes,no
42184,0,0,-1.822318638111727,1.39453975007877,no,yes,no
42186,0,0,-1.2444968259495863,1.6120754230747676,no,yes,no
42228,0,0,-2.592162555405244,0.7244556124484295,yes,no,no
42242,0,0,-1.2650347643360955,1.5836343275685825,yes,no,no
42260,0,0,-1.0821847603167933,1.4635645481850854,yes,yes,no
42268,0,0,-3.678146106684384,3.649320703323415,yes,no,no
42277,0,0,-0.6074095812430826,1.1188648655944191,no,no,no
42293,0,0,-0.7958671821980378,1.1012356146970899,yes,no,no
42297,0,0,-1.173992302501165,0.6694709945297899,yes,no,no
42323,0,1,-0.5802838919986726,0.7825418394909204,yes,no,no
42354,0,0,-1.4086223707236187,1.1906051045509753,no,no,no
42358,4,2,0.08978500025239322,-0.18239242654076732,yes,no,no
42384,0,0,-1.7219196082427153,1.0604116789963245,no,no,no
42426,4,2,0.5414382072363838,-0.24350723144554126,no,yes,yes
42437,4,2,-0.2361396892942173,-0.042613412968020854,no,no,no
42486,0,0,-0.9434951870728399,1.5505207471157523,yes,no,no
42523,4,2,0.5897267816798303,-0.4745752304060109,no,no,no
42549,0,0,-2.8501581200285573,1.3423698270414888,no,no,no
42563,0,1,-0.8747803336151835,-0.5251607433903552,no,no,no
42618,0,0,-1.714612803071596,0.9403026518582753,no,no,no
42659,0,0,-2.1064650664383713,2.5149491115663607,yes,no,no
42676,4,1,0.8404474612614421,-0.11742041955857799,no,no,no
42698,0,0,-1.2224837675948215,2.1424531366252544,yes,yes,no
42715,0,0,-1.4600267692201296,0.8150522524339954,no,no,no
42727,4,1,0.10997165668107008,-0.304158035803304,no,no,no
42738,0,0,-1.6359350460895707,0.3061610645819756,yes,no,no
42741,0,0,-2.24239453400795,0.5680355087149174,no,yes,no
42746,0,0,-2.0270497667438185,0.7797884021711314,yes,no,no
42758,4,1,0.33122485354563835,-0.4216403659110527,no,no,no
42759,4,1,-0.8200248752186555,-0.6556637348747245,no,no,no
42778,0,0,-1.8307105871227392,0.47922319549754505,no,yes,yes
42789,0,0,-0.8840102067881696,0.8157555085244454,no,yes,no
42803,0,0,-1.8122256683819118,1.5595850185801454,yes,yes,yes
42815,4,2,-0.24355675272230973,-0.586251570893592,no,no,no
42843,0,0,-1.5354794206812223,0.9037416190089141,no,yes,no
42871,2,1,0.8348798007050621,0.1576295140417047,yes,no,no
42928,0,0,-1.5511373823388737,2.4229416977147578,yes,yes,no
42941,0,0,-1.4954349790837773,2.088181298682217,no,no,no
42945,4,2,-0.37752004307841325,-0.43979532042648406,yes,no,no
42973,4,2,-0.7564764717574729,-0.15175331146774218,yes,no,no
42977,0,0,-2.1603239497266076,1.8304261251618459,no,yes,no
42984,0,0,-1.9934499826227656,2.1796827496924864,yes,yes,no
42991,0,1,-0.9078291006923869,-0.03976182051999107,no,no,no
42992,0,0,-1.775539899514653,1.06273244679135,no,yes,yes
43008,0,0,-2.0327028470622217,1.8983606480570958,yes,no,no
43038,0,0,-2.0868772582888506,1.3128691022380543,no,no,no
43076,4,1,-0.03540093755064257,-0.3853543703636316,no,no,no
43082,2,2,-0.1570673528592761,-0.1797519455208759,yes,no,no
43088,0,0,-1.9022825380492803,0.8849087388051814,no,no,no
43118,0,3,-1.8592306867524409,-0.6710410060908619,no,no,no
43131,4,2,0.6997914870129947,-0.5058493236570224,no,yes,no
43203,0,0,-1.4007627535207507,1.683349361444398,no,yes,no
43214,0,0,-1.8651814406670497,1.5425366682096309,yes,no,no
43225,0,0,-2.323328338805538,3.3210420990183382,no,yes,no
43234,0,0,-2.4950094055901038,1.7451093400893156,yes,no,no
43236,4,2,-0.6159870813090249,-0.24036909147840085,no,no,no
43285,0,0,-1.4389399860190484,1.8794981240195612,yes,no,yes
43297,0,0,-3.8940250333839894,0.9187676363013659,yes,no,no
43306,0,0,-2.2226420732166527,2.0715603365128437,yes,yes,no
43331,0,0,-1.523207742322701,1.7008032854239217,yes,yes,no
43339,4,2,-0.05899489240431314,-0.20040691419638154,yes,yes,no
43351,4,1,0.8398674277480409,-0.3169096241978465,yes,no,no
43414,0,0,-1.3270965546047586,1.5139616488459635,no,yes,no
43421,0,0,-1.9189422144322503,2.5055452505715152,yes,yes,no
43441,0,0,-2.1211332826751796,1.2138741103909536,no,yes,no
43443,0,0,-2.18133837179075,2.122435668580481,yes,no,no
43476,0,0,-1.9018086729145458,1.045979323269444,yes,no,no
43484,4,1,1.0579035519668165,-0.18111148707394842,yes,no,yes
43546,0,0,-1.9061515783642606,1.4456149189129046,no,no,no
43558,0,0,-2.365067118444454,2.360332670069403,no,yes,no
43568,0,0,-0.9661523052781926,0.8261071768922233,no,no,no
43617,0,0,-1.3768322983092212,2.3032144881137837,no,yes,no
43629,0,0,-1.05400457914266,2.2812448252511386,no,no,no
43651,0,0,-1.1936125179488961,2.0935647050069552,no,yes,no
43682,0,0,-1.614625021906646,2.9366399756703716,no,no,no
43697,0,0,-1.518566546846819,1.5125781752094132,yes,no,no
43707,0,0,-0.8115632154247994,0.7316149649494204,yes,no,no
43760,0,0,-0.5045314821443168,1.8421936716973584,no,no,no
43772,4,1,0.6354857405429898,-0.2187832187394141,yes,no,no
43821,1,0,-2.094951896529437,-0.01202996104785054,yes,no,no
43843,0,0,-2.080944888010384,1.9564354894690632,yes,yes,no
43846,1,3,-0.4213424255712179,-0.20744304922732607,no,no,no
43902,2,3,-0.5921580997493038,-0.24095256530132242,no,no,no
43903,2,3,-0.042654030695843954,-0.18727204975064718,yes,no,no
43912,4,2,-0.42569621315201706,-0.35135282657318734,yes,no,no
43932,0,0,-2.8059030551069886,0.32857771116619555,no,no,no
43956,0,0,-1.5806244816453106,1.5741787473912139,no,no,no
43962,0,0,-2.0554261527462527,1.0294509504400242,yes,no,no
43964,0,0,-2.5992043747444584,1.0854392490762055,no,no,no
43975,4,1,-0.12673567067910102,-0.5816459832678528,no,no,no
43999,0,0,-1.5470435293226763,1.9369002849948667,yes,no,no
44099,0,0,-1.7759861459054727,1.4543432752736873,yes,no,no
44165,0,0,-1.2185809769035605,1.533407285724248,yes,no,yes
44197,0,0,-1.891603737897466,1.9768421030880872,yes,no,no
44224,1,3,-0.19505577230776963,-0.5689804500620056,no,yes,no
44271,0,1,-0.7265120106336805,0.834372412723844,no,yes,no
44289,0,0,-1.1719470166992962,1.0514365228294613,no,no,no
44294,0,0,-1.8685282038127926,2.435528171149895,no,no,no
44301,2,2,0.26930852836161817,-0.2340533053874516,yes,no,no
44307,0,0,-0.6654128067058188,0.8924077836385147,yes,yes,no
44353,0,0,-1.729410041366791,2.311267912731794,yes,no,no
44373,4,1,-0.8917731288103057,-0.17300731709909514,no,no,no
44459,4,1,0.2150036839660343,-0.17809452078602028,no,no,no
44479,0,0,-2.0071172896030847,3.2469524878449527,no,yes,yes
44481,0,0,-2.9784228520084826,1.316593213063785,no,no,no
44484,0,3,-0.8693055536678695,-0.24242617311486478,no,no,no
44514,2,1,0.27271334834333244,0.1004376550829912,yes,no,no
44533,0,0,-0.7217010149522295,1.4274074046906533,yes,yes,no
44543,0,0,-1.5791428596651935,1.0956267958373471,yes,no,no
44559,0,0,-1.9792086878308461,2.9907919022871665,no,no,no
44574,0,0,-1.3951789744889591,0.9704084753063807,no,no,no
44584,0,0,-1.7463374978466257,1.3922787233178193,yes,no,no
44608,4,3,0.35953774902728786,-0.6211358334013756,no,yes,no
44641,4,1,-0.13640791703331345,-0.11150117196596473,no,yes,no
44679,0,0,-1.1736289362642724,1.3431898285482242,no,no,no
44686,4,1,0.9210425763703163,-0.13007197281979802,no,no,no
44723,4,2,-0.3596287810502945,-0.18897258600139133,no,no,no
44731,0,0,-1.8676567136316151,2.839090651769,no,no,no
44732,0,0,-1.4123649183067521,1.6081810540312478,yes,no,no
44737,1,3,-0.2356772512898337,-0.3243181949088294,no,no,no
44749,0,0,-1.259456891881688,1.3419260982414623,yes,no,no
44782,0,0,-2.1515511612328635,2.495105801289537,yes,yes,no
44786,0,0,-2.9688855836617205,4.621216865093358,no,yes,no
44836,4,3,-0.5277004165121317,-0.4277108560021442,yes,yes,no
44850,0,0,-1.8389017785585275,1.1962645756635684,no,no,no
44876,0,0,-3.9862943663820993,1.0789951542370553,no,no,no
44879,4,1,1.096382757602023,-0.30524326710375155,no,yes,no
44970,0,0,-2.5074334998437857,1.3391724862301966,no,no,no
44976,0,0,-2.104102457296834,1.7245759148469886,yes,no,no
44989,1,3,-1.2293036939826039,-0.4192917299077207,no,no,no
45083,4,1,0.08255533517201967,-0.5877981329241665,no,no,no
45088,4,1,0.3862222202868134,-0.3649399218146294,no,yes,no
45112,0,0,-1.8221213200422486,0.7453999269017306,no,no,no
45124,0,0,-0.8796302809311326,1.245873437321366,no,no,no
45187,0,0,-1.8407941559770022,0.9464946566303699,no,no,no
